player,matches_played,seasons,first_year,last_year
V Kohli,276,19,2008.0,2026.0
RG Sharma,275,19,2008.0,2026.0
RA Jadeja,259,18,2008.0,2026.0
MS Dhoni,241,18,2008.0,2025.0
KD Karthik,233,17,2008.0,2024.0
S Dhawan,221,17,2008.0,2024.0
R Ashwin,217,16,2009.0,2025.0
B Kumar,206,16,2011.0,2026.0
SP Narine,201,15,2012.0,2026.0
SK Raina,200,13,2008.0,2021.0
RV Uthappa,197,15,2008.0,2022.0
AM Rahane,197,18,2008.0,2026.0
PP Chawla,192,16,2008.0,2024.0
AT Rayudu,185,14,2010.0,2023.0
SV Samson,185,14,2013.0,2026.0
DA Warner,184,15,2009.0,2024.0
YS Chahal,184,14,2013.0,2026.0
KA Pollard,179,13,2010.0,2022.0
AR Patel,177,13,2014.0,2026.0
AB de Villiers,170,14,2008.0,2021.0
SA Yadav,165,14,2012.0,2026.0
MK Pandey,163,19,2008.0,2026.0
Harbhajan Singh,163,13,2008.0,2021.0
A Mishra,162,16,2008.0,2024.0
YK Pathan,161,12,2008.0,2019.0
DJ Bravo,160,14,2008.0,2022.0
HH Pandya,159,12,2015.0,2026.0
KH Pandya,158,11,2016.0,2026.0
JJ Bumrah,158,13,2013.0,2026.0
Rashid Khan,153,10,2017.0,2026.0
G Gambhir,151,11,2008.0,2018.0
KL Rahul,149,13,2013.0,2026.0
F du Plessis,147,13,2012.0,2025.0
UT Yadav,147,14,2010.0,2024.0
SR Watson,145,12,2008.0,2020.0
SS Iyer,144,11,2015.0,2026.0
DA Miller,143,14,2012.0,2026.0
WP Saha,143,17,2008.0,2024.0
Sandeep Sharma,142,14,2013.0,2026.0
CH Gayle,141,13,2009.0,2021.0
GJ Maxwell,140,13,2012.0,2025.0
RR Pant,136,10,2016.0,2026.0
PA Patel,136,12,2008.0,2019.0
JC Buttler,136,11,2016.0,2026.0
AD Russell,134,13,2012.0,2025.0
Mohammed Shami,132,12,2013.0,2026.0
Shubman Gill,130,9,2018.0,2026.0
Yuvraj Singh,129,11,2008.0,2019.0
Ishan Kishan,127,11,2016.0,2026.0
MA Agarwal,125,15,2011.0,2025.0
Mohammed Siraj,125,10,2017.0,2026.0
TA Boult,124,12,2015.0,2026.0
N Rana,123,11,2016.0,2026.0
HV Patel,122,14,2012.0,2026.0
SL Malinga,122,9,2009.0,2019.0
MM Sharma,120,11,2013.0,2025.0
P Kumar,119,10,2008.0,2017.0
Q de Kock,118,13,2013.0,2026.0
MP Stoinis,118,11,2016.0,2026.0
I Sharma,117,15,2008.0,2025.0
JD Unadkat,115,17,2010.0,2026.0
SN Thakur,111,11,2015.0,2026.0
Kuldeep Yadav,110,10,2016.0,2026.0
BB McCullum,109,11,2008.0,2018.0
DJ Hooda,107,11,2015.0,2025.0
R Tewatia,105,12,2014.0,2026.0
M Vijay,105,11,2009.0,2020.0
R Vinay Kumar,104,11,2008.0,2018.0
V Sehwag,104,8,2008.0,2015.0
DL Chahar,103,10,2016.0,2026.0
IK Pathan,102,9,2008.0,2017.0
K Rabada,101,9,2017.0,2026.0
N Pooran,100,8,2019.0,2026.0
Z Khan,99,10,2008.0,2017.0
RA Tripathi,98,9,2017.0,2025.0
JH Kallis,98,7,2008.0,2014.0
Mandeep Singh,97,13,2010.0,2023.0
Arshdeep Singh,95,8,2019.0,2026.0
DW Steyn,95,11,2008.0,2020.0
NV Ojha,94,10,2009.0,2018.0
R Bhatia,94,10,2008.0,2017.0
CV Varun,94,8,2019.0,2026.0
SPD Smith,93,9,2012.0,2021.0
Abhishek Sharma,92,9,2018.0,2026.0
DS Kulkarni,92,14,2008.0,2021.0
DR Smith,91,9,2008.0,2017.0
AJ Finch,90,11,2010.0,2022.0
JA Morkel,90,9,2008.0,2016.0
PP Ojha,90,8,2008.0,2015.0
R Parag,89,8,2019.0,2026.0
D Padikkal,89,7,2020.0,2026.0
KV Sharma,88,12,2009.0,2025.0
A Nehra,88,9,2008.0,2017.0
S Dube,88,8,2019.0,2026.0
STR Binny,86,10,2010.0,2019.0
SO Hetmyer,85,8,2019.0,2026.0
Ravi Bishnoi,85,7,2020.0,2026.0
MK Tiwary,85,10,2008.0,2018.0
RD Gaikwad,84,7,2020.0,2026.0
RP Singh,82,7,2008.0,2016.0
R Dravid,82,6,2008.0,2013.0
Avesh Khan,82,10,2017.0,2026.0
YBK Jaiswal,82,7,2020.0,2026.0
CH Morris,81,8,2013.0,2021.0
Washington Sundar,81,10,2017.0,2026.0
KM Jadhav,81,12,2010.0,2023.0
AC Gilchrist,80,6,2008.0,2013.0
PJ Cummins,80,9,2014.0,2026.0
PP Shaw,79,7,2018.0,2024.0
JP Duminy,79,8,2009.0,2018.0
RD Chahar,79,9,2017.0,2026.0
KK Nair,78,11,2013.0,2026.0
M Prasidh Krishna,78,7,2018.0,2026.0
DPMD Jayawardene,78,6,2008.0,2013.0
SR Tendulkar,78,6,2008.0,2013.0
KK Ahmed,76,9,2018.0,2026.0
SK Trivedi,76,6,2008.0,2013.0
AB Dinda,76,10,2008.0,2017.0
KS Williamson,76,9,2015.0,2024.0
EJG Morgan,74,8,2010.0,2021.0
L Balaji,73,7,2008.0,2014.0
SS Tiwary,73,11,2008.0,2021.0
T Natarajan,73,8,2017.0,2026.0
Shakib Al Hasan,71,9,2011.0,2021.0
S Nadeem,71,11,2011.0,2021.0
M Morkel,70,8,2009.0,2016.0
MM Ali,69,8,2018.0,2025.0
SE Marsh,69,9,2008.0,2017.0
V Shankar,69,10,2014.0,2025.0
JC Archer,68,6,2018.0,2026.0
MR Marsh,68,10,2010.0,2026.0
KC Sangakkara,68,6,2008.0,2013.0
AK Markram,67,6,2021.0,2026.0
M Muralitharan,66,7,2008.0,2014.0
P Simran Singh,65,8,2019.0,2026.0
S Badrinath,65,6,2008.0,2013.0
Tilak Varma,65,5,2022.0,2026.0
SM Curran,64,6,2019.0,2025.0
BJ Hodge,63,7,2008.0,2014.0
MM Patel,63,7,2008.0,2017.0
RK Singh,62,8,2018.0,2026.0
MC Henriques,62,8,2009.0,2021.0
VR Iyer,62,6,2021.0,2026.0
DJ Hussey,61,7,2008.0,2014.0
H Klaasen,60,6,2018.0,2026.0
Mustafizur Rahman,60,8,2016.0,2025.0
JP Faulkner,60,7,2011.0,2017.0
Imran Tahir,59,8,2014.0,2021.0
TH David,59,6,2021.0,2026.0
JM Sharma,59,5,2022.0,2026.0
A Badoni,58,5,2022.0,2026.0
Shahbaz Ahmed,58,7,2020.0,2026.0
MEK Hussey,58,7,2008.0,2015.0
Abdul Samad,58,7,2020.0,2026.0
Y Venugopal Rao,57,6,2008.0,2014.0
MA Starc,57,5,2014.0,2026.0
JO Holder,57,8,2013.0,2026.0
SB Jakati,57,7,2009.0,2017.0
SC Ganguly,57,5,2008.0,2012.0
B Sai Sudharsan,57,5,2022.0,2026.0
MJ McClenaghan,56,5,2015.0,2019.0
SK Warne,55,4,2008.0,2011.0
S Kaul,55,8,2013.0,2022.0
M Kartik,55,7,2008.0,2014.0
LRPL Taylor,54,7,2008.0,2014.0
TG Southee,54,10,2011.0,2023.0
MG Johnson,54,6,2013.0,2018.0
TU Deshpande,53,6,2020.0,2026.0
M Shahrukh Khan,53,6,2021.0,2026.0
TM Head,52,5,2016.0,2026.0
LH Ferguson,52,9,2017.0,2026.0
RM Patidar,52,5,2021.0,2026.0
JR Hazlewood,52,6,2020.0,2026.0
JM Bairstow,52,6,2019.0,2025.0
S Gopal,51,9,2014.0,2024.0
AM Nayar,51,7,2008.0,2014.0
Noor Ahmad,51,4,2023.0,2026.0
M Vohra,51,9,2013.0,2023.0
Dhruv Jurel,51,4,2023.0,2026.0
TM Dilshan,50,6,2008.0,2013.0
VR Aaron,50,9,2011.0,2022.0
LS Livingstone,50,7,2019.0,2026.0
DT Christian,49,6,2011.0,2021.0
A Nortje,49,7,2020.0,2026.0
Iqbal Abdulla,48,9,2008.0,2017.0
Harpreet Brar,48,8,2019.0,2026.0
M Jansen,47,6,2021.0,2026.0
AD Mathews,46,6,2009.0,2017.0
P Negi,46,8,2012.0,2019.0
Shashank Singh,45,4,2022.0,2026.0
BA Stokes,45,6,2017.0,2023.0
CL White,45,5,2008.0,2013.0
S Sreesanth,44,5,2008.0,2013.0
MS Gony,44,7,2008.0,2017.0
R Sharma,44,5,2010.0,2014.0
M Ashwin,44,7,2016.0,2023.0
T Stubbs,44,5,2022.0,2026.0
LR Shukla,43,7,2008.0,2014.0
C Green,43,3,2023.0,2026.0
SN Khan,43,9,2015.0,2026.0
Yash Dayal,43,4,2022.0,2025.0
VG Arora,42,5,2022.0,2026.0
AB Agarkar,42,6,2008.0,2013.0
A Kumble,42,3,2008.0,2010.0
PJ Sangwan,42,9,2008.0,2022.0
Mukesh Kumar,42,4,2023.0,2026.0
CA Lynn,42,7,2012.0,2021.0
M Markande,40,7,2018.0,2026.0
TL Suman,40,5,2009.0,2013.0
PD Salt,40,4,2023.0,2026.0
Suyash Sharma,39,4,2023.0,2026.0
MS Bisla,39,6,2010.0,2015.0
Nithish Kumar Reddy,39,4,2023.0,2026.0
NM Coulter-Nile,38,8,2013.0,2022.0
S Aravind,38,5,2011.0,2017.0
M Manhas,38,6,2009.0,2014.0
B Lee,38,6,2008.0,2013.0
M Theekshana,38,4,2022.0,2025.0
NLTC Perera,37,6,2010.0,2016.0
PWH de Silva,37,4,2021.0,2025.0
RJ Harris,37,5,2009.0,2013.0
N Wadhera,37,4,2023.0,2026.0
R Dhawan,37,7,2013.0,2024.0
MK Lomror,37,7,2018.0,2024.0
K Gowtham,36,6,2018.0,2024.0
A Symonds,36,4,2008.0,2011.0
HH Gibbs,36,4,2008.0,2012.0
GJ Bailey,36,5,2009.0,2016.0
KP Pietersen,36,5,2009.0,2016.0
MJ Santner,35,7,2019.0,2026.0
J Botha,34,5,2009.0,2015.0
DL Vettori,34,5,2008.0,2012.0
CJ Jordan,34,7,2016.0,2023.0
M Pathirana,33,5,2022.0,2026.0
Naman Dhir,33,3,2024.0,2026.0
PV Tambe,33,4,2013.0,2016.0
P Awana,33,3,2012.0,2014.0
WD Parnell,33,5,2011.0,2023.0
Kartik Tyagi,33,6,2020.0,2026.0
Abishek Porel,33,4,2023.0,2026.0
Gurkeerat Singh,32,6,2012.0,2020.0
Shivam Mavi,32,4,2018.0,2022.0
Harshit Rana,32,4,2022.0,2025.0
ML Hayden,32,3,2008.0,2010.0
R Shepherd,31,5,2022.0,2026.0
Priyansh Arya,31,2,2025.0,2026.0
CJ Anderson,30,4,2014.0,2018.0
A Raghuvanshi,30,3,2024.0,2026.0
R Powell,30,5,2022.0,2026.0
ST Jayasuriya,30,3,2008.0,2010.0
AJ Tye,30,5,2017.0,2022.0
Mohsin Khan,30,4,2022.0,2026.0
Bipul Sharma,29,7,2010.0,2017.0
LMP Simmons,29,4,2014.0,2017.0
GC Smith,29,4,2008.0,2011.0
AS Rajpoot,29,6,2013.0,2020.0
JD Ryder,29,3,2009.0,2012.0
DP Nannes,29,4,2009.0,2013.0
A Ashish Reddy,28,4,2012.0,2016.0
NA Saini,28,4,2019.0,2023.0
DP Conway,28,3,2022.0,2025.0
L Ngidi,27,5,2018.0,2026.0
Ramandeep Singh,27,4,2022.0,2026.0
DE Bollinger,27,3,2010.0,2012.0
Harmeet Singh,27,5,2009.0,2013.0
SE Rutherford,27,4,2019.0,2026.0
SW Billings,27,5,2016.0,2022.0
AP Tare,27,6,2010.0,2017.0
R Sai Kishore,27,4,2022.0,2026.0
R Sathish,27,4,2010.0,2016.0
WG Jacks,27,3,2024.0,2026.0
RD Rickelton,26,2,2025.0,2026.0
Ashutosh Sharma,26,3,2024.0,2026.0
E Lewis,26,4,2018.0,2022.0
RR Powar,26,5,2008.0,2012.0
Umran Malik,26,4,2021.0,2024.0
AL Menaria,25,3,2011.0,2013.0
Vijaykumar Vyshak,25,4,2023.0,2026.0
DB Ravi Teja,25,5,2008.0,2013.0
Lalit Yadav,25,4,2021.0,2024.0
Basil Thampi,25,5,2017.0,2022.0
C de Grandhomme,25,3,2017.0,2019.0
KK Cooper,25,3,2012.0,2014.0
A Kamboj,25,3,2024.0,2026.0
Rasikh Salam,25,5,2019.0,2026.0
Arshad Khan,24,4,2023.0,2026.0
RS Bopara,24,3,2009.0,2015.0
BB Sran,24,5,2015.0,2019.0
Mohammad Nabi,24,6,2017.0,2024.0
Mukesh Choudhary,24,4,2022.0,2026.0
AS Roy,24,6,2019.0,2026.0
D Brevis,24,4,2022.0,2026.0
IC Pandey,24,3,2013.0,2015.0
RN ten Doeschate,23,5,2011.0,2015.0
MV Boucher,23,4,2008.0,2011.0
GH Vihari,23,3,2013.0,2019.0
A Singh,23,3,2009.0,2012.0
PC Valthaty,23,4,2009.0,2013.0
DS Rathi,23,2,2025.0,2026.0
V Suryavanshi,23,2,2025.0,2026.0
Azhar Mahmood,23,3,2012.0,2015.0
E Malinga,22,2,2025.0,2026.0
CA Pujara,22,5,2010.0,2014.0
M Kaif,22,4,2008.0,2012.0
A Zampa,22,5,2016.0,2025.0
RR Rossouw,22,4,2014.0,2024.0
Yash Thakur,22,4,2023.0,2026.0
OA Shah,22,4,2010.0,2013.0
DJG Sammy,22,3,2013.0,2015.0
DB Das,22,3,2008.0,2013.0
AS Joseph,22,4,2019.0,2024.0
Anureet Singh,22,5,2009.0,2018.0
SP Goswami,21,7,2008.0,2020.0
J Suchith,21,5,2015.0,2022.0
JJ Roy,21,4,2017.0,2023.0
Ankit Sharma,21,7,2012.0,2018.0
Anuj Rawat,21,4,2021.0,2024.0
RE van der Merwe,21,5,2009.0,2013.0
SW Tait,21,4,2010.0,2013.0
B Chipli,21,4,2008.0,2013.0
BCJ Cutting,21,5,2014.0,2019.0
CR Woakes,21,3,2017.0,2021.0
GB Hogg,21,4,2012.0,2016.0
A Manohar,20,4,2022.0,2025.0
Prince Yadav,20,2,2025.0,2026.0
VVS Laxman,20,4,2008.0,2011.0
J Yadav,20,7,2015.0,2023.0
MF Maharoof,20,3,2008.0,2010.0
S Sohal,20,3,2008.0,2011.0
C Sakariya,20,4,2021.0,2025.0
UBT Chand,20,6,2011.0,2016.0
PVD Chameera,20,4,2022.0,2026.0
Y Nagar,20,4,2009.0,2012.0
Mujeeb Ur Rahman,20,5,2018.0,2025.0
Aniket Verma,20,2,2025.0,2026.0
JR Hopes,20,2,2008.0,2011.0
JEC Franklin,19,2,2011.0,2012.0
SA Asnodkar,19,4,2008.0,2011.0
V Nigam,19,2,2025.0,2026.0
PK Garg,19,4,2020.0,2023.0
VRV Singh,18,3,2008.0,2010.0
D Wiese,18,3,2015.0,2023.0
AA Jhunjhunwala,18,3,2010.0,2012.0
R McLaren,18,3,2010.0,2013.0
Sameer Rizvi,18,3,2024.0,2026.0
N Burger,18,2,2024.0,2026.0
RP Meredith,18,3,2021.0,2023.0
Rahmanullah Gurbaz,18,3,2023.0,2025.0
Azmatullah Omarzai,18,3,2024.0,2026.0
R Ravindra,18,2,2024.0,2025.0
DH Yagnik,17,4,2011.0,2014.0
Pankaj Singh,17,5,2008.0,2012.0
NT Ellis,17,5,2021.0,2025.0
Naveen-ul-Haq,17,2,2023.0,2024.0
VY Mahesh,17,4,2008.0,2012.0
JP Behrendorff,17,2,2019.0,2023.0
SB Dubey,17,3,2024.0,2026.0
MD Mishra,17,3,2010.0,2012.0
Akash Madhwal,17,3,2023.0,2025.0
AN Ahmed,17,6,2010.0,2015.0
AS Raut,17,3,2009.0,2011.0
BW Hilfenhaus,17,2,2012.0,2014.0
Joginder Sharma,16,4,2008.0,2011.0
HM Amla,16,2,2016.0,2017.0
JP Inglis,16,2,2025.0,2026.0
K Goel,16,3,2008.0,2010.0
LA Pomersbach,16,4,2008.0,2013.0
A Mithun,16,5,2009.0,2013.0
D Ferreira,16,3,2024.0,2026.0
CR Brathwaite,16,4,2016.0,2019.0
K Kartikeya,16,3,2022.0,2025.0
DR Sams,16,3,2020.0,2022.0
JDP Oram,15,4,2008.0,2013.0
BA Bhatt,15,3,2011.0,2013.0
AC Thomas,15,2,2011.0,2012.0
J Fraser-McGurk,15,2,2024.0,2025.0
MN Samuels,15,3,2012.0,2017.0
KA Jamieson,15,3,2021.0,2026.0
B Akhil,15,4,2008.0,2011.0
DJ Mitchell,15,2,2022.0,2024.0
KW Richardson,15,4,2013.0,2021.0
CA Ingram,15,2,2011.0,2019.0
G Coetzee,14,2,2024.0,2025.0
Simarjeet Singh,14,3,2022.0,2025.0
Akash Deep,14,4,2022.0,2025.0
SJ Srivastava,14,2,2010.0,2011.0
JDS Neesham,14,4,2014.0,2022.0
Swapnil Singh,14,4,2016.0,2024.0
MS Wade,14,3,2011.0,2024.0
GD McGrath,14,1,2008.0,2008.0
S Tyagi,14,2,2009.0,2010.0
AA Chavan,13,3,2011.0,2013.0
XC Bartlett,13,2,2025.0,2026.0
HR Shokeen,13,2,2022.0,2023.0
MJ Guptill,13,3,2016.0,2019.0
WPUJC Vaas,13,3,2008.0,2010.0
VS Malik,13,5,2009.0,2014.0
Shivang Kumar,13,1,2026.0,2026.0
TK Curran,13,3,2018.0,2021.0
CM Gautam,13,3,2013.0,2015.0
PBB Rajapaksa,13,2,2022.0,2023.0
A Mhatre,13,2,2025.0,2026.0
Brijesh Sharma,13,1,2026.0,2026.0
C Connolly,13,1,2026.0,2026.0
SM Pollock,13,1,2008.0,2008.0
Sachin Baby,13,4,2013.0,2021.0
GD Phillips,13,3,2021.0,2026.0
J Overton,13,2,2025.0,2026.0
AD Mascarenhas,13,5,2008.0,2013.0
RV Gomez,13,2,2011.0,2013.0
KP Appanna,13,3,2009.0,2012.0
KR Mayers,13,1,2023.0,2023.0
SH Johnson,12,3,2024.0,2026.0
Akash Singh,12,4,2021.0,2026.0
R Rampaul,12,2,2013.0,2014.0
P Dogra,12,3,2010.0,2013.0
Fazalhaq Farooqi,12,3,2022.0,2025.0
C Munro,12,3,2016.0,2019.0
A Chandila,12,2,2012.0,2013.0
FY Fazal,12,2,2010.0,2011.0
MJ Lumb,12,2,2010.0,2011.0
S Anirudha,12,6,2008.0,2014.0
S Badree,12,3,2013.0,2017.0
AG Murtaza,12,4,2010.0,2013.0
KR Sen,12,3,2022.0,2024.0
KL Nagarkoti,12,3,2020.0,2022.0
SB Styris,12,3,2008.0,2011.0
YA Abdulla,11,2,2009.0,2010.0
Kartik Sharma,11,1,2026.0,2026.0
KC Cariappa,11,4,2015.0,2019.0
AM Ghazanfar,11,1,2026.0,2026.0
M Rawat,11,3,2008.0,2013.0
AF Milne,11,5,2016.0,2026.0
Harsh Dubey,11,2,2025.0,2026.0
J Little,11,2,2023.0,2024.0
J Syed Mohammad,11,3,2011.0,2013.0
Sakib Hussain,11,1,2026.0,2026.0
Parvez Rasool,11,4,2013.0,2016.0
DJ Willey,11,3,2018.0,2023.0
HC Brook,11,1,2023.0,2023.0
FH Allen,11,1,2026.0,2026.0
Sohail Tanvir,11,1,2008.0,2008.0
SM Katich,11,2,2008.0,2009.0
BAW Mendis,10,4,2008.0,2013.0
AB McDonald,10,5,2009.0,2013.0
Zeeshan Ansari,10,1,2025.0,2025.0
P Nissanka,10,1,2026.0,2026.0
TS Mills,10,2,2017.0,2022.0
PA Reddy,10,2,2012.0,2013.0
YV Takawale,10,3,2008.0,2014.0
S Arora,10,1,2026.0,2026.0
WA Mota,10,2,2008.0,2009.0
JL Pattinson,10,1,2020.0,2020.0
Ashwani Kumar,10,2,2025.0,2026.0
Aman Hakim Khan,10,2,2022.0,2023.0
MD Choudhary,10,1,2026.0,2026.0
S Kaushik,10,2,2016.0,2017.0
S Sandeep Warrier,10,4,2019.0,2024.0
RR Raje,10,2,2008.0,2009.0
SB Bangar,10,2,2008.0,2009.0
J Theron,10,3,2010.0,2015.0
N Saini,10,1,2012.0,2012.0
N Jagadeesan,10,3,2020.0,2023.0
SS Prabhudessai,10,3,2022.0,2024.0
CRD Fernando,10,2,2008.0,2010.0
Suryansh Shedge,10,2,2025.0,2026.0
Urvil Patel,10,2,2025.0,2026.0
Atharva Taide,10,3,2023.0,2025.0
MP Yadav,10,3,2024.0,2026.0
I Udana,10,1,2020.0,2020.0
Shahid Afridi,10,1,2008.0,2008.0
SP Fleming,10,1,2008.0,2008.0
AD Nath,10,4,2016.0,2019.0
V Pratap Singh,9,1,2012.0,2012.0
C Bosch,9,2,2025.0,2026.0
Yudhvir Singh,9,3,2023.0,2025.0
B Laughlin,9,2,2013.0,2018.0
RT Ponting,9,2,2008.0,2013.0
MD Shanaka,9,2,2023.0,2026.0
K Khejroliya,9,5,2018.0,2026.0
M Ntini,9,1,2008.0,2008.0
Karanveer Singh,9,2,2014.0,2015.0
Kamran Khan,9,3,2009.0,2011.0
S Ladda,9,4,2010.0,2016.0
M Siddharth,9,3,2024.0,2026.0
MJ Henry,9,3,2017.0,2026.0
JG Bethell,9,2,2025.0,2026.0
S Lamichhane,9,2,2018.0,2019.0
PR Shah,9,3,2008.0,2011.0
Anmolpreet Singh,9,4,2021.0,2024.0
SD Hope,9,1,2024.0,2024.0
SD Chitnis,9,4,2008.0,2012.0
DP Vijaykumar,9,1,2008.0,2008.0
MW Short,9,2,2023.0,2026.0
Sikandar Raza,9,2,2023.0,2024.0
BB Samantray,8,2,2012.0,2013.0
W Jaffer,8,2,2008.0,2009.0
Yash Raj Punja,8,1,2026.0,2026.0
AJ Hosein,8,2,2023.0,2026.0
Anand Rajan,8,3,2011.0,2013.0
KB Arun Karthik,8,3,2010.0,2013.0
S Rana,8,2,2011.0,2014.0
KS Bharat,8,2,2021.0,2022.0
S Randiv,8,1,2011.0,2011.0
KMA Paul,8,1,2019.0,2019.0
AC Voges,8,1,2010.0,2010.0
SB Wagh,8,2,2010.0,2011.0
S Vidyut,8,1,2008.0,2008.0
Harpreet Singh,8,4,2011.0,2024.0
IS Sodhi,8,2,2018.0,2019.0
SE Bond,8,1,2010.0,2010.0
Mohammad Hafeez,8,1,2008.0,2008.0
SMSM Senanayake,8,1,2013.0,2013.0
Mohammad Asif,8,1,2008.0,2008.0
Gurjapneet Singh,8,1,2026.0,2026.0
HF Gurney,8,1,2019.0,2019.0
Misbah-ul-Haq,8,1,2008.0,2008.0
N Thushara,8,2,2024.0,2025.0
SP Jackson,8,2,2017.0,2022.0
Mayank Dagar,8,2,2023.0,2024.0
CJ Ferguson,8,2,2011.0,2012.0
P Parameswaran,8,2,2011.0,2012.0
BJ Rohrer,8,1,2013.0,2013.0
OC McCoy,8,2,2022.0,2023.0
CK Langeveldt,7,3,2009.0,2011.0
D Pretorius,7,2,2022.0,2023.0
RJ Quiney,7,1,2009.0,2009.0
Shoaib Ahmed,7,1,2009.0,2009.0
PD Collingwood,7,1,2010.0,2010.0
PP Hinge,7,1,2026.0,2026.0
Vishnu Vinod,7,3,2017.0,2026.0
AA Bilakhia,7,2,2009.0,2010.0
AC Blizzard,7,2,2011.0,2012.0
Jaskaran Singh,7,2,2009.0,2010.0
S Narwal,7,2,2010.0,2013.0
LJ Wright,7,2,2012.0,2013.0
LE Plunkett,7,1,2018.0,2018.0
KM Asif,7,3,2018.0,2023.0
IR Jaggi,7,3,2011.0,2017.0
BE Hendricks,7,2,2014.0,2015.0
Salman Butt,7,1,2008.0,2008.0
RV Patel,7,3,2021.0,2023.0
R Shukla,7,3,2012.0,2014.0
AM Salvi,7,2,2009.0,2011.0
MC Juneja,7,1,2013.0,2013.0
AUK Pathan,7,2,2011.0,2012.0
DJ Jacobs,7,2,2011.0,2012.0
DJM Short,7,1,2018.0,2018.0
PR Veer,6,1,2026.0,2026.0
Niraj Patel,6,2,2008.0,2009.0
SS Cottrell,6,1,2020.0,2020.0
JA Duffy,6,1,2026.0,2026.0
Kamran Akmal,6,1,2008.0,2008.0
Ashok Sharma,6,1,2026.0,2026.0
FH Edwards,6,1,2009.0,2009.0
GC Viljoen,6,1,2019.0,2019.0
OF Smith,6,1,2022.0,2022.0
Arjun Tendulkar,6,3,2023.0,2026.0
Ankit Soni,6,1,2017.0,2017.0
AJ Turner,6,2,2019.0,2024.0
AD Hales,6,1,2018.0,2018.0
AS Yadav,6,1,2008.0,2008.0
Shoaib Malik,6,1,2008.0,2008.0
DG Nalkande,6,3,2022.0,2024.0
DJ Muthuswami,6,1,2015.0,2015.0
TL Seifert,6,3,2021.0,2026.0
MJ Clarke,6,1,2012.0,2012.0
RE Levi,6,1,2012.0,2012.0
Umar Gul,6,1,2008.0,2008.0
A Chopra,6,2,2008.0,2009.0
P Amarnath,6,1,2008.0,2008.0
UT Khawaja,6,1,2016.0,2016.0
B Stanlake,6,2,2017.0,2018.0
RJW Topley,6,3,2023.0,2025.0
T Thushara,6,2,2009.0,2010.0
A Choudhary,5,1,2017.0,2017.0
V Puthur,5,1,2025.0,2025.0
D Salunkhe,5,1,2008.0,2008.0
Navdeep Saini,5,4,2021.0,2026.0
P Dubey,5,3,2020.0,2025.0
TR Birt,5,1,2011.0,2011.0
P Sahu,5,1,2016.0,2016.0
PHKD Mendis,5,1,2025.0,2025.0
P Suyal,5,3,2013.0,2015.0
PN Mankad,5,2,2022.0,2023.0
SK Rasheed,5,1,2025.0,2025.0
L Ronchi,5,2,2008.0,2009.0
JR Philippe,5,1,2020.0,2020.0
GHS Garton,5,1,2021.0,2021.0
LA Carseldine,5,1,2009.0,2009.0
KMDN Kulasekara,5,2,2011.0,2012.0
RA Bawa,5,3,2022.0,2026.0
Shivam Sharma,5,2,2014.0,2015.0
AG Paunikar,5,2,2010.0,2011.0
JE Taylor,5,1,2011.0,2011.0
JM Kemp,5,1,2010.0,2010.0
KJ Abbott,5,1,2016.0,2016.0
Himmat Singh,5,1,2026.0,2026.0
FA Allen,5,2,2021.0,2022.0
Sanvir Singh,5,2,2023.0,2024.0
M de Lange,5,3,2012.0,2015.0
MA Wood,5,2,2018.0,2023.0
MG Bracewell,5,1,2023.0,2023.0
RJ Peterson,5,1,2012.0,2012.0
Auqib Nabi,5,1,2026.0,2026.0
M Tiwari,5,2,2025.0,2026.0
Sunny Singh,5,1,2011.0,2011.0
MN van Wyk,5,1,2009.0,2009.0
N Sindhu,5,1,2026.0,2026.0
Raghu Sharma,5,1,2026.0,2026.0
T Shamsi,5,2,2016.0,2021.0
DJ Thornely,5,1,2008.0,2008.0
AA Kulkarni,4,2,2024.0,2026.0
NS Naik,4,3,2016.0,2020.0
M Klinger,4,1,2011.0,2011.0
RR Sarwan,4,1,2008.0,2008.0
AP Majumdar,4,1,2012.0,2012.0
R Smaran,4,1,2026.0,2026.0
DJ Harris,4,1,2012.0,2012.0
RK Bhui,4,3,2018.0,2024.0
R Minz,4,2,2025.0,2026.0
ND Doshi,4,2,2010.0,2011.0
CK Kapugedera,4,1,2008.0,2008.0
JA Richardson,4,2,2021.0,2024.0
Kumar Kushagra,4,2,2024.0,2026.0
Yashpal Singh,4,1,2009.0,2009.0
O Thomas,4,1,2019.0,2019.0
Anirudh Singh,4,1,2010.0,2010.0
KT Maphaka,4,2,2024.0,2025.0
SB Joshi,4,1,2008.0,2008.0
MJ Suthar,4,2,2024.0,2026.0
B Sumanth,4,1,2010.0,2010.0
Gagandeep Singh,4,1,2008.0,2008.0
SR Dubey,4,1,2026.0,2026.0
SU Parakh,4,1,2026.0,2026.0
A Flintoff,3,1,2009.0,2009.0
C Nanda,3,1,2009.0,2009.0
AB Barath,3,1,2010.0,2010.0
TM Srivastava,3,2,2008.0,2009.0
TP Sudhindra,3,1,2012.0,2012.0
D Kalyankrishna,3,1,2008.0,2008.0
NJ Maddinson,3,2,2014.0,2015.0
Abhinandan Singh,3,1,2026.0,2026.0
Sumit Kumar,3,1,2024.0,2024.0
AT Carey,3,1,2020.0,2020.0
AU Rashid,3,2,2021.0,2023.0
GF Linde,3,1,2026.0,2026.0
Saurav Chauhan,3,1,2024.0,2024.0
MA Khote,3,1,2008.0,2008.0
DNT Zoysa,3,1,2008.0,2008.0
Shoaib Akhtar,3,1,2008.0,2008.0
RJ Gleeson,3,2,2024.0,2025.0
B Indrajith,3,1,2022.0,2022.0
AP Dole,3,1,2010.0,2010.0
T Kohli,3,2,2008.0,2009.0
T Taibu,3,1,2008.0,2008.0
R Bishnoi,3,1,2009.0,2009.0
T Kohler-Cadmore,3,1,2024.0,2024.0
LPC Silva,3,1,2008.0,2008.0
F Behardien,3,1,2016.0,2016.0
HE van der Dussen,3,1,2022.0,2022.0
SM Harwood,3,1,2009.0,2009.0
KS Sharma,3,2,2022.0,2023.0
JPR Scantlebury-Searles,3,1,2018.0,2018.0
SA Abbott,3,2,2015.0,2022.0
Krish Bhagat,3,1,2026.0,2026.0
S Chanderpaul,3,1,2008.0,2008.0
L Ablish,3,2,2010.0,2011.0
J Arunkumar,3,1,2008.0,2008.0
JJ van der Wath,3,1,2011.0,2011.0
JW Hastings,3,2,2014.0,2016.0
K Upadhyay,3,2,2012.0,2013.0
K Yadav,3,2,2021.0,2023.0
YV Dhull,3,1,2023.0,2023.0
V Viyaskanth,3,1,2024.0,2024.0
BMAJ Mendis,3,1,2013.0,2013.0
BR Dunk,3,1,2014.0,2014.0
W O'Rourke,3,1,2025.0,2025.0
Y Gnaneswara Rao,2,1,2011.0,2011.0
Y Prithvi Raj,2,1,2019.0,2019.0
Virat Singh,2,1,2021.0,2021.0
Vivrant Sharma,2,1,2023.0,2023.0
PH Solanki,2,1,2022.0,2022.0
VH Zol,2,1,2014.0,2014.0
PM Sarvesh Kumar,2,1,2008.0,2008.0
A Uniyal,2,1,2010.0,2010.0
K Santokie,2,1,2014.0,2014.0
SM Boland,2,1,2016.0,2016.0
KA Maharaj,2,1,2024.0,2024.0
S Sriram,2,2,2010.0,2011.0
KAJ Roach,2,1,2010.0,2010.0
GS Sandhu,2,1,2015.0,2015.0
SC Kuggeleijn,2,1,2019.0,2019.0
JE Root,2,1,2023.0,2023.0
Gulbadin Naib,2,1,2024.0,2024.0
SSB Magala,2,1,2023.0,2023.0
L Wood,2,1,2024.0,2024.0
LG Pretorius,2,1,2026.0,2026.0
ER Dwivedi,2,1,2016.0,2016.0
RS Hangargekar,2,1,2023.0,2023.0
DR Shorey,2,2,2018.0,2019.0
SZ Mulani,2,1,2024.0,2024.0
RS Gavaskar,2,1,2010.0,2010.0
SS Mishra,2,1,2026.0,2026.0
SS Sarkar,2,1,2009.0,2009.0
H Sharma,2,2,2023.0,2024.0
LB Williams,2,1,2024.0,2024.0
B Geeves,2,1,2008.0,2008.0
DV Malewar,2,1,2026.0,2026.0
DT Patil,2,1,2008.0,2008.0
DS Lehmann,2,1,2008.0,2008.0
AN Ghosh,2,1,2009.0,2009.0
NL McCullum,2,1,2011.0,2011.0
Akshat Raghuwanshi,2,1,2026.0,2026.0
T Henderson,2,1,2009.0,2009.0
PVSN Raju,2,1,2025.0,2025.0
TD Paine,2,1,2011.0,2011.0
T Dahiya,2,1,2026.0,2026.0
T Banton,2,1,2020.0,2020.0
RG More,2,1,2015.0,2015.0
R Ninan,2,1,2011.0,2011.0
NB Singh,2,1,2017.0,2017.0
A Mukund,2,2,2008.0,2013.0
CJ McKay,2,1,2012.0,2012.0
VS Yeligati,2,1,2008.0,2008.0
DA Payne,2,1,2026.0,2026.0
D du Preez,2,1,2009.0,2009.0
MDKJ Perera,2,1,2013.0,2013.0
B Muzarabani,2,1,2026.0,2026.0
GR Napier,1,1,2009.0,2009.0
Karim Janat,1,1,2025.0,2025.0
Arshad Khan (2),1,1,2024.0,2024.0
Harmeet Singh (2),1,1,2013.0,2013.0
I Malhotra,1,1,2011.0,2011.0
IC Porel,1,1,2021.0,2021.0
BJ Dwarshuis,1,1,2026.0,2026.0
BJ Haddin,1,1,2011.0,2011.0
SD Lad,1,1,2019.0,2019.0
JL Denly,1,1,2019.0,2019.0
Jalaj S Saxena,1,1,2021.0,2021.0
AA Kazi,1,1,2011.0,2011.0
A Tomar,1,1,2022.0,2022.0
Younis Khan,1,1,2008.0,2008.0
DR Martyn,1,1,2010.0,2010.0
RW Price,1,1,2011.0,2011.0
RS Sodhi,1,1,2010.0,2010.0
RS Ghosh,1,1,2026.0,2026.0
Liton Das,1,1,2023.0,2023.0
Sediqullah Atal,1,1,2025.0,2025.0
DM Bravo,1,1,2017.0,2017.0
MB Parmar,1,1,2010.0,2010.0
SS Shaikh,1,1,2009.0,2009.0
Salil Arora,1,1,2026.0,2026.0
Gurnoor Brar,1,1,2023.0,2023.0
LI Meriwala,1,1,2021.0,2021.0
Ravi Singh,1,1,2026.0,2026.0
S Joseph,1,1,2024.0,2024.0
S Midhun,1,1,2019.0,2019.0
KS Rathore,1,1,2025.0,2025.0
H Das,1,1,2008.0,2008.0
SS Mundhe,1,1,2011.0,2011.0
SS Agarwal,1,1,2017.0,2017.0
C Ganapathy,1,1,2010.0,2010.0
BKG Mendis,1,1,2025.0,2025.0
BR Sharath,1,1,2024.0,2024.0
Sunny Gupta,1,1,2012.0,2012.0
R Sanjay Yadav,1,1,2022.0,2022.0
Abdul Basith,1,1,2023.0,2023.0
AR Bawne,1,1,2017.0,2017.0
RR Bose,1,1,2009.0,2009.0
RR Bhatkal,1,1,2012.0,2012.0
MG Neser,1,1,2013.0,2013.0
MJ Owen,1,1,2025.0,2025.0
RA Shaikh,1,1,2009.0,2009.0
Shivam Singh,1,1,2024.0,2024.0
Musheer Khan,1,1,2025.0,2025.0
Monu Kumar,1,1,2020.0,2020.0
Mohit Rathee,1,1,2023.0,2023.0
R Goyal,1,1,2023.0,2023.0
PWA Mulder,1,1,2025.0,2025.0
DAJ Bracewell,1,1,2012.0,2012.0
Abdur Razzak,1,1,2008.0,2008.0
T Vijay,1,1,2026.0,2026.0
Tejas Baroka,1,1,2017.0,2017.0
Tanush Kotian,1,1,2024.0,2024.0
U Kaul,1,1,2008.0,2008.0
MP Breetzke,1,1,2025.0,2025.0
Mohammad Ashraful,1,1,2009.0,2009.0
DJ Malan,1,1,2021.0,2021.0
Mashrafe Mortaza,1,1,2009.0,2009.0
MS Bhandage,1,1,2025.0,2025.0
NJ Rimmington,1,1,2011.0,2011.0
P Ray Barman,1,1,2019.0,2019.0
P Chopra,1,1,2018.0,2018.0
P Prasanth,1,1,2011.0,2011.0
UA Birla,1,1,2013.0,2013.0
D Madushanka,1,1,2026.0,2026.0
D Jansen,1,1,2023.0,2023.0
PSP Handscomb,1,1,2016.0,2016.0
CJ Green,1,1,2020.0,2020.0
CJ Dala,1,1,2018.0,2018.0
C Madan,1,1,2010.0,2010.0
V Kaverappa,1,1,2024.0,2024.0
AA Noffke,1,1,2008.0,2008.0
X Thalaivan Sargunam,1,1,2013.0,2013.0
A Nel,1,1,2008.0,2008.0
A Dananjaya,1,1,2018.0,2018.0
