player,year,matches,wickets,runs_given,balls_bowled,best,economy,avg
A Ashish Reddy,2012.0,9,11,238,163,3,8.76,21.64
A Ashish Reddy,2013.0,5,3,71,40,1,10.65,23.67
A Ashish Reddy,2015.0,4,3,51,36,1,8.5,17.0
A Ashish Reddy,2016.0,2,1,40,23,1,10.43,40.0
A Badoni,2022.0,2,2,12,12,1,6.0,6.0
A Badoni,2023.0,1,0,0,1,0,0.0,999.0
A Badoni,2024.0,2,0,25,12,0,12.5,999.0
A Badoni,2025.0,2,2,13,10,2,7.8,6.5
A Badoni,2026.0,1,0,14,6,0,14.0,999.0
A Chandila,2012.0,4,5,87,84,4,6.21,17.4
A Chandila,2013.0,8,6,158,150,2,6.32,26.33
A Choudhary,2017.0,5,5,144,101,2,8.55,28.8
A Dananjaya,2018.0,1,0,47,24,0,11.75,999.0
A Flintoff,2009.0,3,2,106,66,1,9.64,53.0
A Kamboj,2024.0,3,2,115,60,1,11.5,57.5
A Kamboj,2025.0,8,8,173,129,3,8.05,21.62
A Kamboj,2026.0,14,21,535,302,3,10.63,25.48
A Kumble,2008.0,10,7,314,230,3,8.19,44.86
A Kumble,2009.0,16,21,353,355,5,5.97,16.81
A Kumble,2010.0,16,17,422,380,4,6.66,24.82
A Mishra,2008.0,6,11,140,119,5,7.06,12.73
A Mishra,2009.0,11,14,300,253,3,7.11,21.43
A Mishra,2010.0,14,17,371,318,3,7.0,21.82
A Mishra,2011.0,14,19,369,320,4,6.92,19.42
A Mishra,2012.0,14,13,381,282,3,8.11,29.31
A Mishra,2013.0,17,21,395,372,4,6.37,18.81
A Mishra,2014.0,10,7,342,225,2,9.12,48.86
A Mishra,2015.0,12,9,312,241,2,7.77,34.67
A Mishra,2016.0,14,13,350,276,4,7.61,26.92
A Mishra,2017.0,14,10,345,233,3,8.88,34.5
A Mishra,2018.0,10,12,265,222,3,7.16,22.08
A Mishra,2019.0,11,11,271,240,3,6.78,24.64
A Mishra,2020.0,3,3,72,60,2,7.2,24.0
A Mishra,2021.0,4,6,109,84,4,7.79,18.17
A Mishra,2023.0,7,7,151,114,2,7.95,21.57
A Mishra,2024.0,1,1,20,12,1,10.0,20.0
A Mithun,2009.0,1,0,42,24,0,10.5,999.0
A Mithun,2010.0,1,1,39,18,1,13.0,39.0
A Mithun,2011.0,12,5,325,204,2,9.56,65.0
A Mithun,2012.0,1,0,34,18,0,11.33,999.0
A Mithun,2013.0,1,1,37,24,1,9.25,37.0
A Nehra,2008.0,14,12,357,269,3,7.96,29.75
A Nehra,2009.0,13,19,354,306,3,6.94,18.63
A Nehra,2010.0,4,6,102,84,3,7.29,17.0
A Nehra,2012.0,13,11,411,288,3,8.56,37.36
A Nehra,2013.0,10,11,319,216,2,8.86,29.0
A Nehra,2014.0,4,8,143,90,3,9.53,17.88
A Nehra,2015.0,16,22,453,372,4,7.31,20.59
A Nehra,2016.0,8,9,200,156,3,7.69,22.22
A Nehra,2017.0,6,8,198,127,3,9.35,24.75
A Nel,2008.0,1,1,31,18,1,10.33,31.0
A Nortje,2020.0,16,22,529,366,3,8.67,24.05
A Nortje,2021.0,8,12,198,182,2,6.53,16.5
A Nortje,2022.0,6,9,219,134,3,9.81,24.33
A Nortje,2023.0,10,10,370,240,2,9.25,37.0
A Nortje,2024.0,6,7,298,132,3,13.55,42.57
A Nortje,2025.0,2,1,87,42,1,12.43,87.0
A Nortje,2026.0,1,0,39,24,0,9.75,999.0
A Singh,2009.0,5,9,100,105,4,5.71,11.11
A Singh,2011.0,9,9,222,171,3,7.79,24.67
A Singh,2012.0,9,10,317,197,2,9.65,31.7
A Symonds,2008.0,3,0,106,41,0,15.51,999.0
A Symonds,2009.0,8,7,162,144,2,6.75,23.14
A Symonds,2010.0,16,12,385,318,3,7.26,32.08
A Symonds,2011.0,3,1,41,24,1,10.25,41.0
A Uniyal,2010.0,2,2,67,36,2,11.17,33.5
A Zampa,2016.0,5,12,117,102,6,6.88,9.75
A Zampa,2017.0,6,7,164,119,2,8.27,23.43
A Zampa,2020.0,3,2,92,66,1,8.36,46.0
A Zampa,2023.0,6,8,189,132,3,8.59,23.62
A Zampa,2025.0,2,2,94,48,1,11.75,47.0
AA Chavan,2011.0,2,0,31,30,0,6.2,999.0
AA Chavan,2012.0,8,7,245,164,2,8.96,35.0
AA Chavan,2013.0,3,1,63,54,1,7.0,63.0
AA Jhunjhunwala,2010.0,5,0,69,37,0,11.19,999.0
AA Jhunjhunwala,2011.0,2,0,22,12,0,11.0,999.0
AA Jhunjhunwala,2012.0,3,1,39,36,1,6.5,39.0
AA Kazi,2011.0,1,0,21,12,0,10.5,999.0
AA Noffke,2008.0,1,1,41,24,1,10.25,41.0
AB Agarkar,2008.0,9,8,211,156,3,8.12,26.38
AB Agarkar,2009.0,11,6,293,186,2,9.45,48.83
AB Agarkar,2010.0,7,4,207,132,2,9.41,51.75
AB Agarkar,2011.0,7,8,236,162,2,8.74,29.5
AB Agarkar,2012.0,4,3,134,86,2,9.35,44.67
AB Agarkar,2013.0,4,0,93,60,0,9.3,999.0
AB Dinda,2008.0,12,9,266,234,3,6.82,29.56
AB Dinda,2009.0,8,4,195,144,1,8.12,48.75
AB Dinda,2010.0,7,9,155,139,2,6.69,17.22
AB Dinda,2011.0,5,5,159,102,2,9.35,31.8
AB Dinda,2012.0,7,9,171,144,4,7.12,19.0
AB Dinda,2013.0,13,16,466,294,3,9.51,29.12
AB Dinda,2014.0,9,5,271,186,1,8.74,54.2
AB Dinda,2015.0,2,0,63,30,0,12.6,999.0
AB Dinda,2016.0,9,11,236,183,3,7.74,21.45
AB Dinda,2017.0,3,1,121,60,1,12.1,121.0
AB McDonald,2009.0,1,0,22,18,0,7.33,999.0
AB McDonald,2010.0,4,5,138,84,2,9.86,27.6
AB McDonald,2011.0,1,0,23,12,0,11.5,999.0
AB McDonald,2012.0,3,5,63,60,2,6.3,12.6
AB McDonald,2013.0,1,1,17,12,1,8.5,17.0
AC Gilchrist,2013.0,1,1,0,1,1,0.0,0.0
AC Thomas,2011.0,11,11,300,231,2,7.79,27.27
AC Thomas,2012.0,4,3,116,84,3,8.29,38.67
AC Voges,2010.0,7,0,76,54,0,8.44,999.0
AD Mascarenhas,2008.0,1,2,31,24,2,7.75,15.5
AD Mascarenhas,2009.0,5,6,133,116,3,6.88,22.17
AD Mascarenhas,2010.0,2,4,66,48,2,8.25,16.5
AD Mascarenhas,2012.0,4,7,110,96,5,6.88,15.71
AD Mascarenhas,2013.0,1,0,25,24,0,6.25,999.0
AD Mathews,2009.0,1,0,32,14,0,13.71,999.0
AD Mathews,2010.0,12,8,317,225,4,8.45,39.62
AD Mathews,2012.0,9,7,195,156,2,7.5,27.86
AD Mathews,2013.0,10,5,245,186,3,7.9,49.0
AD Mathews,2015.0,10,7,249,180,2,8.3,35.57
AD Mathews,2017.0,2,0,57,30,0,11.4,999.0
AD Russell,2012.0,4,1,162,96,1,10.12,162.0
AD Russell,2013.0,3,0,68,42,0,9.71,999.0
AD Russell,2014.0,2,1,54,30,1,10.8,54.0
AD Russell,2015.0,13,14,332,244,3,8.16,23.71
AD Russell,2016.0,12,15,301,219,4,8.25,20.07
AD Russell,2018.0,15,13,360,227,3,9.52,27.69
AD Russell,2019.0,12,11,288,181,2,9.55,26.18
AD Russell,2020.0,7,6,178,108,2,9.89,29.67
AD Russell,2021.0,8,11,189,114,5,9.95,17.18
AD Russell,2022.0,13,17,282,169,4,10.01,16.59
AD Russell,2023.0,9,7,173,91,3,11.41,24.71
AD Russell,2024.0,14,19,304,176,3,10.36,16.0
AD Russell,2025.0,9,8,218,109,2,12.0,27.25
AF Milne,2016.0,1,1,44,24,1,11.0,44.0
AF Milne,2017.0,4,3,141,84,2,10.07,47.0
AF Milne,2021.0,4,3,135,84,2,9.64,45.0
AF Milne,2022.0,1,0,19,15,0,7.6,999.0
AF Milne,2026.0,1,0,42,20,0,12.6,999.0
AG Murtaza,2010.0,3,3,93,72,2,7.75,31.0
AG Murtaza,2011.0,5,3,122,120,2,6.1,40.67
AG Murtaza,2012.0,1,0,11,12,0,5.5,999.0
AG Murtaza,2013.0,3,3,96,60,3,9.6,32.0
AJ Finch,2010.0,1,0,5,7,0,4.29,999.0
AJ Finch,2011.0,1,0,13,12,0,6.5,999.0
AJ Finch,2013.0,3,1,49,24,1,12.25,49.0
AJ Hosein,2023.0,1,1,41,24,1,10.25,41.0
AJ Hosein,2026.0,7,8,198,148,4,8.03,24.75
AJ Tye,2017.0,6,12,146,126,5,6.95,12.17
AJ Tye,2018.0,14,24,459,336,4,8.2,19.12
AJ Tye,2019.0,6,3,233,132,1,10.59,77.67
AJ Tye,2020.0,1,1,54,24,1,13.5,54.0
AJ Tye,2022.0,3,2,113,66,2,10.27,56.5
AK Markram,2021.0,2,0,23,24,0,5.75,999.0
AK Markram,2022.0,4,1,64,36,1,10.67,64.0
AK Markram,2023.0,6,1,71,49,1,8.69,71.0
AK Markram,2024.0,2,0,15,12,0,7.5,999.0
AK Markram,2025.0,5,4,102,66,2,9.27,25.5
AK Markram,2026.0,5,0,83,36,0,13.83,999.0
AL Menaria,2011.0,9,2,121,90,2,8.07,60.5
AL Menaria,2012.0,3,1,23,20,1,6.9,23.0
AM Ghazanfar,2026.0,11,15,390,233,2,10.04,26.0
AM Nayar,2008.0,5,1,69,42,1,9.86,69.0
AM Nayar,2009.0,4,4,84,72,3,7.0,21.0
AM Nayar,2011.0,6,2,95,61,1,9.34,47.5
AM Nayar,2012.0,1,0,16,6,0,16.0,999.0
AM Nayar,2013.0,3,2,59,48,1,7.38,29.5
AM Rahane,2009.0,1,1,5,6,1,5.0,5.0
AM Salvi,2009.0,5,4,138,102,2,8.12,34.5
AM Salvi,2011.0,2,3,67,48,2,8.38,22.33
AN Ahmed,2010.0,1,0,26,12,0,13.0,999.0
AN Ahmed,2011.0,6,5,178,120,2,8.9,35.6
AN Ahmed,2012.0,1,0,17,12,0,8.5,999.0
AN Ahmed,2013.0,2,3,45,42,2,6.43,15.0
AN Ahmed,2014.0,4,3,120,86,1,8.37,40.0
AN Ahmed,2015.0,3,1,129,72,1,10.75,129.0
AP Dole,2010.0,3,5,114,66,2,10.36,22.8
AR Patel,2014.0,17,17,424,396,3,6.42,24.94
AR Patel,2015.0,14,13,399,280,2,8.55,30.69
AR Patel,2016.0,14,13,395,287,4,8.26,30.38
AR Patel,2017.0,14,15,366,288,3,7.62,24.4
AR Patel,2018.0,8,3,221,156,1,8.5,73.67
AR Patel,2019.0,14,10,368,306,2,7.22,36.8
AR Patel,2020.0,15,9,329,306,2,6.45,36.56
AR Patel,2021.0,12,15,315,282,3,6.7,21.0
AR Patel,2022.0,13,6,323,258,2,7.51,53.83
AR Patel,2023.0,13,11,344,282,2,7.32,31.27
AR Patel,2024.0,14,11,340,264,2,7.73,30.91
AR Patel,2025.0,12,5,314,216,2,8.72,62.8
AR Patel,2026.0,13,11,365,264,2,8.3,33.18
AS Joseph,2019.0,3,6,89,52,6,10.27,14.83
AS Joseph,2022.0,9,7,269,180,2,8.97,38.43
AS Joseph,2023.0,7,7,226,144,2,9.42,32.29
AS Joseph,2024.0,3,1,123,58,1,12.72,123.0
AS Rajpoot,2013.0,2,1,37,24,1,9.25,37.0
AS Rajpoot,2016.0,4,3,101,66,1,9.18,33.67
AS Rajpoot,2017.0,5,4,113,84,3,8.07,28.25
AS Rajpoot,2018.0,8,11,230,157,5,8.79,20.91
AS Rajpoot,2019.0,4,3,157,96,2,9.81,52.33
AS Rajpoot,2020.0,6,2,206,102,1,12.12,103.0
AS Raut,2009.0,4,0,37,24,0,9.25,999.0
AS Raut,2011.0,1,0,8,6,0,8.0,999.0
AS Roy,2019.0,1,1,11,12,1,5.5,11.0
AS Roy,2022.0,2,1,55,42,1,7.86,55.0
AS Roy,2023.0,3,3,65,48,2,8.12,21.67
AS Roy,2024.0,3,0,60,34,0,10.59,999.0
AS Roy,2025.0,1,1,27,24,1,6.75,27.0
AS Roy,2026.0,12,9,264,163,2,9.72,29.33
AU Rashid,2021.0,1,0,35,18,0,11.67,999.0
AU Rashid,2023.0,2,2,56,42,2,8.0,28.0
AUK Pathan,2011.0,2,0,49,33,0,8.91,999.0
AUK Pathan,2012.0,1,0,14,6,0,14.0,999.0
Abdul Samad,2020.0,3,1,96,42,1,13.71,96.0
Abdul Samad,2021.0,1,1,9,6,1,9.0,9.0
Abdul Samad,2022.0,1,0,8,6,0,8.0,999.0
Abdul Samad,2025.0,1,0,6,2,0,18.0,999.0
Abdul Samad,2026.0,1,0,6,1,0,36.0,999.0
Abdur Razzak,2008.0,1,0,29,12,0,14.5,999.0
Abhinandan Singh,2026.0,3,3,122,58,2,12.62,40.67
Abhishek Sharma,2019.0,2,1,21,12,1,10.5,21.0
Abhishek Sharma,2020.0,6,2,92,60,1,9.2,46.0
Abhishek Sharma,2021.0,6,4,66,60,2,6.6,16.5
Abhishek Sharma,2022.0,3,0,39,24,0,9.75,999.0
Abhishek Sharma,2023.0,5,2,127,72,1,10.58,63.5
Abhishek Sharma,2024.0,4,2,51,42,2,7.29,25.5
Abhishek Sharma,2025.0,6,0,113,66,0,10.27,999.0
Abhishek Sharma,2026.0,4,0,49,29,0,10.14,999.0
Akash Deep,2022.0,5,5,206,113,3,10.94,41.2
Akash Deep,2023.0,2,1,63,30,1,12.6,63.0
Akash Deep,2024.0,1,1,55,21,1,15.71,55.0
Akash Deep,2025.0,6,3,230,114,2,12.11,76.67
Akash Madhwal,2023.0,8,14,222,153,5,8.71,15.86
Akash Madhwal,2024.0,5,5,209,109,3,11.5,41.8
Akash Madhwal,2025.0,4,4,167,90,3,11.13,41.75
Akash Singh,2021.0,1,0,39,24,0,9.75,999.0
Akash Singh,2023.0,6,5,188,114,2,9.89,37.6
Akash Singh,2025.0,3,4,99,67,2,8.87,24.75
Akash Singh,2026.0,2,4,80,42,3,11.43,20.0
Aman Hakim Khan,2022.0,1,0,13,6,0,13.0,999.0
Anand Rajan,2011.0,2,3,50,30,3,10.0,16.67
Anand Rajan,2012.0,4,3,113,71,1,9.55,37.67
Anand Rajan,2013.0,2,2,43,48,1,5.38,21.5
Ankit Sharma,2012.0,9,4,167,145,1,6.91,41.75
Ankit Sharma,2013.0,1,0,17,12,0,8.5,999.0
Ankit Sharma,2014.0,2,4,44,48,2,5.5,11.0
Ankit Sharma,2015.0,4,3,114,84,1,8.14,38.0
Ankit Sharma,2016.0,3,1,84,66,1,7.64,84.0
Ankit Sharma,2017.0,1,0,16,6,0,16.0,999.0
Ankit Sharma,2018.0,1,0,11,6,0,11.0,999.0
Ankit Soni,2017.0,6,2,145,109,1,7.98,72.5
Anureet Singh,2009.0,2,2,47,30,2,9.4,23.5
Anureet Singh,2015.0,14,15,477,310,3,9.23,31.8
Anureet Singh,2016.0,2,0,44,36,0,7.33,999.0
Anureet Singh,2017.0,1,0,26,12,0,13.0,999.0
Anureet Singh,2018.0,3,1,42,24,1,10.5,42.0
Arjun Tendulkar,2023.0,4,3,95,59,1,9.66,31.67
Arjun Tendulkar,2024.0,1,0,22,14,0,9.43,999.0
Arjun Tendulkar,2026.0,1,1,36,24,1,9.0,36.0
Arshad Khan,2023.0,6,5,192,85,3,13.55,38.4
Arshad Khan,2024.0,3,1,90,49,1,11.02,90.0
Arshad Khan,2025.0,9,6,220,126,1,10.48,36.67
Arshad Khan,2026.0,6,6,173,104,3,9.98,28.83
Arshad Khan (2),2024.0,1,0,25,12,0,12.5,999.0
Arshdeep Singh,2019.0,3,3,117,60,2,11.7,39.0
Arshdeep Singh,2020.0,8,9,219,149,3,8.82,24.33
Arshdeep Singh,2021.0,12,18,348,248,5,8.42,19.33
Arshdeep Singh,2022.0,14,10,402,300,3,8.04,40.2
Arshdeep Singh,2023.0,14,17,497,305,4,9.78,29.24
Arshdeep Singh,2024.0,14,19,514,302,4,10.21,27.05
Arshdeep Singh,2025.0,16,21,527,350,3,9.03,25.1
Arshdeep Singh,2026.0,14,14,542,318,3,10.23,38.71
Ashok Sharma,2026.0,6,6,233,126,2,11.1,38.83
Ashwani Kumar,2025.0,7,11,234,123,4,11.41,21.27
Ashwani Kumar,2026.0,3,6,102,60,4,10.2,17.0
Atharva Taide,2024.0,1,0,4,1,0,24.0,999.0
Auqib Nabi,2026.0,5,0,151,78,0,11.62,999.0
Avesh Khan,2017.0,1,1,24,24,1,6.0,24.0
Avesh Khan,2018.0,6,4,205,114,2,10.79,51.25
Avesh Khan,2019.0,1,0,30,18,0,10.0,999.0
Avesh Khan,2020.0,1,0,42,24,0,10.5,999.0
Avesh Khan,2021.0,16,24,466,366,3,7.64,19.42
Avesh Khan,2022.0,13,18,423,286,4,8.87,23.5
Avesh Khan,2023.0,9,8,287,174,3,9.9,35.88
Avesh Khan,2024.0,15,19,533,329,3,9.72,28.05
Avesh Khan,2025.0,13,13,487,284,3,10.29,37.46
Avesh Khan,2026.0,7,6,278,148,2,11.27,46.33
Azhar Mahmood,2012.0,11,14,331,256,3,7.76,23.64
Azhar Mahmood,2013.0,11,15,335,263,3,7.64,22.33
Azhar Mahmood,2015.0,1,0,41,18,0,13.67,999.0
Azmatullah Omarzai,2024.0,7,4,194,126,2,9.24,48.5
Azmatullah Omarzai,2025.0,8,8,282,162,2,10.44,35.25
Azmatullah Omarzai,2026.0,3,3,103,66,2,9.36,34.33
B Akhil,2008.0,6,2,138,104,2,7.96,69.0
B Akhil,2009.0,5,4,80,66,2,7.27,20.0
B Akhil,2010.0,1,0,6,6,0,6.0,999.0
B Akhil,2011.0,1,0,22,12,0,11.0,999.0
B Chipli,2011.0,1,0,20,6,0,20.0,999.0
B Geeves,2008.0,2,1,91,48,1,11.38,91.0
B Kumar,2011.0,4,3,68,66,2,6.18,22.67
B Kumar,2012.0,11,8,293,234,2,7.51,36.62
B Kumar,2013.0,16,13,381,342,3,6.68,29.31
B Kumar,2014.0,14,20,362,319,4,6.81,18.1
B Kumar,2015.0,14,18,419,310,3,8.11,23.28
B Kumar,2016.0,17,23,503,396,4,7.62,21.87
B Kumar,2017.0,14,26,384,314,5,7.34,14.77
B Kumar,2018.0,12,9,357,277,3,7.73,39.67
B Kumar,2019.0,15,13,466,354,2,7.9,35.85
B Kumar,2020.0,4,3,100,85,2,7.06,33.33
B Kumar,2021.0,11,6,337,252,1,8.02,56.17
B Kumar,2022.0,14,12,394,313,3,7.55,32.83
B Kumar,2023.0,14,16,432,306,5,8.47,27.0
B Kumar,2024.0,16,11,555,342,3,9.74,50.45
B Kumar,2025.0,14,17,490,312,3,9.42,28.82
B Kumar,2026.0,16,28,504,378,4,8.0,18.0
B Laughlin,2013.0,2,1,72,42,1,10.29,72.0
B Laughlin,2018.0,7,9,212,126,2,10.1,23.56
B Lee,2008.0,4,4,118,96,1,7.38,29.5
B Lee,2009.0,5,5,113,120,3,5.65,22.6
B Lee,2010.0,4,0,154,87,0,10.62,999.0
B Lee,2011.0,12,5,349,272,1,7.7,69.8
B Lee,2012.0,10,7,303,228,2,7.97,43.29
B Lee,2013.0,3,4,89,72,2,7.42,22.25
B Muzarabani,2026.0,2,4,79,42,4,11.29,19.75
B Stanlake,2017.0,2,2,70,48,2,8.75,35.0
B Stanlake,2018.0,4,5,130,96,2,8.12,26.0
BA Bhatt,2011.0,8,9,233,167,4,8.37,25.89
BA Bhatt,2012.0,5,2,143,99,2,8.67,71.5
BA Bhatt,2013.0,2,1,32,30,1,6.4,32.0
BA Stokes,2017.0,12,12,327,264,3,7.43,27.25
BA Stokes,2018.0,12,8,307,222,3,8.3,38.38
BA Stokes,2019.0,6,6,200,101,2,11.88,33.33
BA Stokes,2020.0,6,2,159,90,2,10.6,79.5
BA Stokes,2021.0,1,0,12,6,0,12.0,999.0
BA Stokes,2023.0,1,0,18,6,0,18.0,999.0
BAW Mendis,2008.0,1,1,24,24,1,6.0,24.0
BAW Mendis,2009.0,4,3,136,100,2,8.16,45.33
BAW Mendis,2010.0,2,2,68,48,2,8.5,34.0
BAW Mendis,2013.0,3,2,78,72,1,6.5,39.0
BB Sran,2015.0,1,0,36,18,0,12.0,999.0
BB Sran,2016.0,14,14,420,297,3,8.48,30.0
BB Sran,2017.0,1,0,29,12,0,14.5,999.0
BB Sran,2018.0,6,4,231,132,2,10.5,57.75
BB Sran,2019.0,2,0,51,24,0,12.75,999.0
BCJ Cutting,2014.0,1,1,31,24,1,7.75,31.0
BCJ Cutting,2016.0,4,5,80,67,2,7.16,16.0
BCJ Cutting,2017.0,4,1,123,76,1,9.71,123.0
BCJ Cutting,2018.0,7,2,169,102,1,9.94,84.5
BCJ Cutting,2019.0,1,1,27,12,1,13.5,27.0
BE Hendricks,2014.0,3,4,127,72,3,10.58,31.75
BE Hendricks,2015.0,4,5,112,78,2,8.62,22.4
BJ Dwarshuis,2026.0,1,1,51,24,1,12.75,51.0
BJ Hodge,2009.0,9,7,167,120,3,8.35,23.86
BJ Hodge,2010.0,4,2,41,30,1,8.2,20.5
BJ Hodge,2011.0,4,7,77,66,4,7.0,11.0
BJ Hodge,2012.0,2,1,22,12,1,11.0,22.0
BJ Hodge,2013.0,1,0,3,6,0,3.0,999.0
BJ Rohrer,2013.0,1,0,12,6,0,12.0,999.0
BMAJ Mendis,2013.0,2,1,36,30,1,7.2,36.0
BW Hilfenhaus,2012.0,9,14,242,204,3,7.12,17.29
BW Hilfenhaus,2014.0,8,8,255,168,2,9.11,31.88
Basil Thampi,2017.0,12,11,428,268,3,9.58,38.91
Basil Thampi,2018.0,4,5,115,61,2,11.31,23.0
Basil Thampi,2019.0,3,0,115,72,0,9.58,999.0
Basil Thampi,2020.0,1,1,46,24,1,11.5,46.0
Basil Thampi,2022.0,5,5,158,96,3,9.88,31.6
Bipul Sharma,2010.0,4,3,94,60,1,9.4,31.33
Bipul Sharma,2011.0,4,4,80,72,2,6.67,20.0
Bipul Sharma,2012.0,3,0,82,46,0,10.7,999.0
Bipul Sharma,2013.0,1,1,21,24,1,5.25,21.0
Bipul Sharma,2015.0,3,3,50,42,2,7.14,16.67
Bipul Sharma,2016.0,6,3,123,84,1,8.79,41.0
Bipul Sharma,2017.0,7,3,131,98,1,8.02,43.67
Brijesh Sharma,2026.0,13,14,452,273,2,9.93,32.29
C Bosch,2025.0,2,1,56,42,1,8.0,56.0
C Bosch,2026.0,6,12,197,121,4,9.77,16.42
C Ganapathy,2010.0,1,0,13,6,0,13.0,999.0
C Green,2023.0,16,6,370,228,2,9.74,61.67
C Green,2024.0,13,10,305,211,2,8.67,30.5
C Green,2026.0,10,7,241,132,2,10.95,34.43
C Munro,2016.0,2,0,15,12,0,7.5,999.0
C Nanda,2009.0,3,2,58,48,1,7.25,29.0
C Sakariya,2021.0,14,14,434,312,3,8.35,31.0
C Sakariya,2022.0,3,3,87,66,2,7.91,29.0
C Sakariya,2023.0,2,3,89,48,2,11.12,29.67
C Sakariya,2025.0,1,0,39,18,0,13.0,999.0
C de Grandhomme,2017.0,9,4,136,96,3,8.5,34.0
C de Grandhomme,2018.0,7,2,132,90,1,8.8,66.0
C de Grandhomme,2019.0,3,0,55,30,0,11.0,999.0
CH Gayle,2009.0,7,1,146,113,1,7.75,146.0
CH Gayle,2010.0,6,4,153,96,1,9.56,38.25
CH Gayle,2011.0,12,8,262,216,3,7.28,32.75
CH Gayle,2012.0,3,0,67,28,0,14.36,999.0
CH Gayle,2013.0,4,3,41,24,2,10.25,13.67
CH Gayle,2015.0,1,0,16,12,0,8.0,999.0
CH Gayle,2016.0,4,2,65,60,2,6.5,32.5
CH Gayle,2020.0,1,0,5,5,0,6.0,999.0
CH Morris,2013.0,16,15,410,300,3,8.2,27.33
CH Morris,2015.0,11,14,336,258,4,7.81,24.0
CH Morris,2016.0,12,13,320,264,2,7.27,24.62
CH Morris,2017.0,9,12,241,186,4,7.77,20.08
CH Morris,2018.0,4,3,148,84,2,10.57,49.33
CH Morris,2019.0,9,13,314,198,3,9.52,24.15
CH Morris,2020.0,9,11,212,190,4,6.69,19.27
CH Morris,2021.0,11,15,396,246,4,9.66,26.4
CJ Anderson,2014.0,9,4,188,108,2,10.44,47.0
CJ Anderson,2015.0,2,1,33,24,1,8.25,33.0
CJ Anderson,2017.0,8,3,187,113,1,9.93,62.33
CJ Anderson,2018.0,3,3,117,52,2,13.5,39.0
CJ Dala,2018.0,1,0,34,18,0,11.33,999.0
CJ Green,2020.0,1,0,24,17,0,8.47,999.0
CJ Jordan,2016.0,9,11,266,168,4,9.5,24.18
CJ Jordan,2017.0,1,1,10,6,1,10.0,10.0
CJ Jordan,2018.0,1,0,35,24,0,8.75,999.0
CJ Jordan,2020.0,9,9,320,195,3,9.85,35.56
CJ Jordan,2021.0,4,4,103,72,2,8.58,25.75
CJ Jordan,2022.0,4,2,136,77,2,10.6,68.0
CJ Jordan,2023.0,6,3,241,132,1,10.95,80.33
CJ McKay,2012.0,2,1,60,42,1,8.57,60.0
CK Kapugedera,2008.0,3,0,49,17,0,17.29,999.0
CK Langeveldt,2009.0,1,3,15,24,3,3.75,5.0
CK Langeveldt,2010.0,3,5,92,66,2,8.36,18.4
CK Langeveldt,2011.0,3,5,92,66,2,8.36,18.4
CL White,2008.0,1,0,24,6,0,24.0,999.0
CL White,2010.0,1,0,19,6,0,19.0,999.0
CL White,2012.0,2,0,27,18,0,9.0,999.0
CL White,2013.0,2,1,16,12,1,8.0,16.0
CR Brathwaite,2016.0,8,7,192,139,3,8.29,27.43
CR Brathwaite,2017.0,2,1,67,36,1,11.17,67.0
CR Brathwaite,2018.0,4,5,96,61,2,9.44,19.2
CR Brathwaite,2019.0,2,0,29,18,0,9.67,999.0
CR Woakes,2017.0,13,17,393,264,3,8.93,23.12
CR Woakes,2018.0,5,8,196,110,3,10.69,24.5
CR Woakes,2021.0,3,5,85,66,2,7.73,17.0
CRD Fernando,2008.0,5,10,164,120,4,8.2,16.4
CRD Fernando,2010.0,5,7,142,114,2,7.47,20.29
CV Varun,2019.0,1,1,35,18,1,11.67,35.0
CV Varun,2020.0,13,17,357,312,5,6.87,21.0
CV Varun,2021.0,17,18,456,408,3,6.71,25.33
CV Varun,2022.0,11,6,338,234,1,8.67,56.33
CV Varun,2023.0,14,20,445,316,4,8.45,22.25
CV Varun,2024.0,14,21,411,300,3,8.22,19.57
CV Varun,2025.0,13,17,390,300,3,7.8,22.94
CV Varun,2026.0,11,11,363,246,3,8.85,33.0
D Brevis,2022.0,1,1,8,3,1,16.0,8.0
D Ferreira,2026.0,3,1,41,18,1,13.67,41.0
D Jansen,2023.0,1,1,53,24,1,13.25,53.0
D Kalyankrishna,2008.0,3,2,88,48,1,11.0,44.0
D Madushanka,2026.0,1,1,36,24,1,9.0,36.0
D Pretorius,2022.0,6,6,213,126,2,10.14,35.5
D Pretorius,2023.0,1,0,29,24,0,7.25,999.0
D Salunkhe,2008.0,5,1,80,47,1,10.21,80.0
D Wiese,2015.0,13,16,360,254,4,8.5,22.5
D Wiese,2016.0,1,0,49,24,0,12.25,999.0
D Wiese,2023.0,1,0,38,18,0,12.67,999.0
D du Preez,2009.0,2,4,56,42,3,8.0,14.0
DA Payne,2026.0,2,2,70,30,2,14.0,35.0
DA Warner,2020.0,1,0,2,1,0,12.0,999.0
DAJ Bracewell,2012.0,1,3,32,24,3,8.0,10.67
DB Ravi Teja,2008.0,1,1,19,12,1,9.5,19.0
DB Ravi Teja,2011.0,1,0,9,6,0,9.0,999.0
DE Bollinger,2010.0,8,12,213,186,4,6.87,17.75
DE Bollinger,2011.0,13,17,343,282,3,7.3,20.18
DE Bollinger,2012.0,6,8,160,108,3,8.89,20.0
DG Nalkande,2022.0,2,2,59,31,2,11.42,29.5
DG Nalkande,2023.0,1,1,45,24,1,11.25,45.0
DG Nalkande,2024.0,3,3,46,29,2,9.52,15.33
DJ Bravo,2008.0,9,11,239,171,3,8.39,21.73
DJ Bravo,2009.0,11,11,265,199,3,7.99,24.09
DJ Bravo,2010.0,10,4,231,157,2,8.83,57.75
DJ Bravo,2011.0,6,6,159,120,2,7.95,26.5
DJ Bravo,2012.0,18,15,472,346,2,8.18,31.47
DJ Bravo,2013.0,18,32,505,375,4,8.08,15.78
DJ Bravo,2015.0,16,26,442,314,3,8.45,17.0
DJ Bravo,2016.0,15,17,502,336,4,8.96,29.53
DJ Bravo,2018.0,16,14,538,321,2,10.06,38.43
DJ Bravo,2019.0,12,11,336,247,3,8.16,30.55
DJ Bravo,2020.0,6,6,180,126,3,8.57,30.0
DJ Bravo,2021.0,11,14,264,202,3,7.84,18.86
DJ Bravo,2022.0,10,16,303,206,3,8.83,18.94
DJ Harris,2012.0,2,0,26,18,0,8.67,999.0
DJ Hooda,2015.0,7,1,131,91,1,8.64,131.0
DJ Hooda,2016.0,6,3,97,78,2,7.46,32.33
DJ Hooda,2017.0,3,2,42,24,1,10.5,21.0
DJ Hooda,2018.0,2,0,25,18,0,8.33,999.0
DJ Hooda,2019.0,2,1,21,12,1,10.5,21.0
DJ Hooda,2020.0,1,0,10,6,0,10.0,999.0
DJ Hooda,2021.0,7,2,136,96,1,8.5,68.0
DJ Hooda,2022.0,2,1,43,24,1,10.75,43.0
DJ Hooda,2023.0,1,0,8,6,0,8.0,999.0
DJ Hooda,2024.0,2,0,22,18,0,7.33,999.0
DJ Hooda,2025.0,1,0,15,6,0,15.0,999.0
DJ Hussey,2008.0,5,2,134,78,1,10.31,67.0
DJ Hussey,2009.0,3,0,34,24,0,8.5,999.0
DJ Hussey,2010.0,5,0,81,60,0,8.1,999.0
DJ Hussey,2011.0,2,1,38,18,1,12.67,38.0
DJ Hussey,2012.0,6,3,67,54,2,7.44,22.33
DJ Hussey,2013.0,4,0,93,66,0,8.45,999.0
DJ Hussey,2014.0,1,2,38,17,2,13.41,19.0
DJ Mitchell,2022.0,2,0,27,12,0,13.5,999.0
DJ Mitchell,2024.0,2,1,70,36,1,11.67,70.0
DJ Muthuswami,2015.0,6,4,108,84,2,7.71,27.0
DJ Thornely,2008.0,4,3,40,42,2,5.71,13.33
DJ Willey,2018.0,3,2,96,60,1,9.6,48.0
DJ Willey,2022.0,4,1,75,66,1,6.82,75.0
DJ Willey,2023.0,4,3,106,90,2,7.07,35.33
DJG Sammy,2013.0,9,8,169,134,4,7.57,21.12
DJG Sammy,2014.0,8,3,159,84,1,11.36,53.0
DJG Sammy,2015.0,2,0,26,18,0,8.67,999.0
DJM Short,2018.0,2,1,23,18,1,7.67,23.0
DL Chahar,2016.0,2,0,42,30,0,8.4,999.0
DL Chahar,2017.0,3,1,75,42,1,10.71,75.0
DL Chahar,2018.0,12,10,281,229,3,7.36,28.1
DL Chahar,2019.0,17,22,486,387,3,7.53,22.09
DL Chahar,2020.0,14,12,402,312,2,7.73,33.5
DL Chahar,2021.0,15,14,453,324,4,8.39,32.36
DL Chahar,2023.0,10,13,302,204,3,8.88,23.23
DL Chahar,2024.0,8,5,202,141,2,8.6,40.4
DL Chahar,2025.0,14,11,378,246,2,9.22,34.36
DL Chahar,2026.0,8,8,269,153,2,10.55,33.62
DL Vettori,2008.0,2,2,54,48,1,6.75,27.0
DL Vettori,2009.0,7,7,186,139,3,8.03,26.57
DL Vettori,2010.0,3,2,98,70,1,8.4,49.0
DL Vettori,2011.0,13,12,315,310,3,6.1,26.25
DL Vettori,2012.0,9,5,241,210,1,6.89,48.2
DNT Zoysa,2008.0,3,2,100,66,1,9.09,50.0
DP Nannes,2009.0,13,15,384,297,3,7.76,25.6
DP Nannes,2010.0,9,7,235,206,2,6.84,33.57
DP Nannes,2011.0,2,2,31,24,1,7.75,15.5
DP Nannes,2013.0,5,4,165,119,2,8.32,41.25
DP Vijaykumar,2008.0,9,4,205,152,1,8.09,51.25
DR Sams,2020.0,3,0,114,72,0,9.5,999.0
DR Sams,2021.0,2,1,39,36,1,6.5,39.0
DR Sams,2022.0,11,13,375,252,4,8.93,28.85
DR Smith,2008.0,4,5,83,66,3,7.55,16.6
DR Smith,2009.0,8,1,128,84,1,9.14,128.0
DR Smith,2010.0,2,1,36,23,1,9.39,36.0
DR Smith,2012.0,6,2,98,78,1,7.54,49.0
DR Smith,2013.0,3,2,59,30,2,11.8,29.5
DR Smith,2014.0,5,4,99,60,1,9.9,24.75
DR Smith,2015.0,1,1,17,12,1,8.5,17.0
DR Smith,2016.0,8,8,154,108,4,8.56,19.25
DR Smith,2017.0,9,2,151,78,1,11.62,75.5
DS Kulkarni,2008.0,10,11,242,177,3,8.2,22.0
DS Kulkarni,2009.0,8,5,209,156,1,8.04,41.8
DS Kulkarni,2010.0,1,1,40,24,1,10.0,40.0
DS Kulkarni,2011.0,6,5,156,120,3,7.8,31.2
DS Kulkarni,2012.0,2,6,64,48,3,8.0,10.67
DS Kulkarni,2013.0,6,8,153,112,3,8.2,19.12
DS Kulkarni,2014.0,8,6,226,162,2,8.37,37.67
DS Kulkarni,2015.0,11,13,290,210,2,8.29,22.31
DS Kulkarni,2016.0,14,18,365,294,4,7.45,20.28
DS Kulkarni,2017.0,6,3,173,113,1,9.19,57.67
DS Kulkarni,2018.0,8,4,189,119,2,9.53,47.25
DS Kulkarni,2019.0,10,6,336,210,1,9.6,56.0
DS Kulkarni,2020.0,1,0,22,18,0,7.33,999.0
DS Kulkarni,2021.0,1,0,48,24,0,12.0,999.0
DS Rathi,2025.0,13,14,435,312,2,8.37,31.07
DS Rathi,2026.0,10,5,399,234,2,10.23,79.8
DT Christian,2011.0,14,11,357,274,2,7.82,32.45
DT Christian,2012.0,7,8,240,162,2,8.89,30.0
DT Christian,2013.0,2,0,56,36,0,9.33,999.0
DT Christian,2017.0,13,11,303,240,2,7.58,27.55
DT Christian,2018.0,4,4,106,71,2,8.96,26.5
DT Christian,2021.0,9,4,156,100,2,9.36,39.0
DW Steyn,2008.0,10,10,265,228,3,6.97,26.5
DW Steyn,2009.0,3,2,62,54,1,6.89,31.0
DW Steyn,2010.0,15,15,415,354,3,7.03,27.67
DW Steyn,2011.0,12,14,304,273,3,6.68,21.71
DW Steyn,2012.0,12,18,290,280,3,6.21,16.11
DW Steyn,2013.0,17,19,410,413,3,5.96,21.58
DW Steyn,2014.0,14,11,441,336,2,7.88,40.09
DW Steyn,2015.0,6,3,171,114,2,9.0,57.0
DW Steyn,2016.0,1,0,17,12,0,8.5,999.0
DW Steyn,2019.0,2,4,74,48,2,9.25,18.5
DW Steyn,2020.0,3,1,134,70,1,11.49,134.0
E Malinga,2025.0,7,13,244,160,3,9.15,18.77
E Malinga,2026.0,15,20,510,326,4,9.39,25.5
F du Plessis,2012.0,1,0,16,6,0,16.0,999.0
FA Allen,2021.0,3,1,90,66,1,8.18,90.0
FA Allen,2022.0,1,1,46,24,1,11.5,46.0
FH Edwards,2009.0,6,5,160,140,2,6.86,32.0
FY Fazal,2010.0,2,0,20,12,0,10.0,999.0
Fazalhaq Farooqi,2022.0,3,2,110,72,2,9.17,55.0
Fazalhaq Farooqi,2023.0,4,4,119,80,2,8.92,29.75
Fazalhaq Farooqi,2025.0,5,0,211,102,0,12.41,999.0
G Coetzee,2024.0,10,13,357,201,4,10.66,27.46
G Coetzee,2025.0,4,2,133,72,1,11.08,66.5
GB Hogg,2012.0,9,10,262,216,2,7.28,26.2
GB Hogg,2013.0,1,0,31,20,0,9.3,999.0
GB Hogg,2015.0,6,9,148,126,4,7.05,16.44
GB Hogg,2016.0,5,4,144,96,3,9.0,36.0
GC Viljoen,2019.0,6,7,229,138,2,9.96,32.71
GD McGrath,2008.0,14,12,366,324,4,6.78,30.5
GD Phillips,2021.0,2,1,20,12,1,10.0,20.0
GD Phillips,2023.0,2,1,20,18,1,6.67,20.0
GF Linde,2026.0,3,1,55,37,1,8.92,55.0
GH Vihari,2013.0,5,1,39,36,1,6.5,39.0
GH Vihari,2019.0,1,0,9,6,0,9.0,999.0
GHS Garton,2021.0,5,3,136,90,1,9.07,45.33
GJ Maxwell,2012.0,2,1,22,18,1,7.33,22.0
GJ Maxwell,2013.0,2,0,24,12,0,12.0,999.0
GJ Maxwell,2014.0,7,1,133,66,1,12.09,133.0
GJ Maxwell,2015.0,7,2,97,60,1,9.7,48.5
GJ Maxwell,2016.0,7,0,81,54,0,9.0,999.0
GJ Maxwell,2017.0,8,7,126,114,2,6.63,18.0
GJ Maxwell,2018.0,10,5,132,96,2,8.25,26.4
GJ Maxwell,2020.0,7,3,171,126,1,8.14,57.0
GJ Maxwell,2021.0,6,3,135,96,2,8.44,45.0
GJ Maxwell,2022.0,10,6,166,144,2,6.92,27.67
GJ Maxwell,2023.0,7,3,95,62,1,9.19,31.67
GJ Maxwell,2024.0,6,6,129,96,2,8.06,21.5
GJ Maxwell,2025.0,6,4,111,78,1,8.54,27.75
GR Napier,2009.0,1,1,28,24,1,7.0,28.0
GS Sandhu,2015.0,2,1,86,48,1,10.75,86.0
Gagandeep Singh,2008.0,4,3,142,84,1,10.14,47.33
Gulbadin Naib,2024.0,1,0,12,6,0,12.0,999.0
Gurjapneet Singh,2026.0,8,4,233,151,1,9.26,58.25
Gurkeerat Singh,2015.0,3,3,66,54,2,7.33,22.0
Gurkeerat Singh,2016.0,3,2,31,24,2,7.75,15.5
Gurnoor Brar,2023.0,1,0,42,18,0,14.0,999.0
H Sharma,2023.0,1,0,33,18,0,11.0,999.0
H Sharma,2024.0,1,0,29,12,0,14.5,999.0
HF Gurney,2019.0,8,7,239,162,2,8.85,34.14
HH Pandya,2015.0,8,1,178,102,1,10.47,178.0
HH Pandya,2016.0,10,3,155,100,1,9.3,51.67
HH Pandya,2017.0,13,6,219,156,2,8.42,36.5
HH Pandya,2018.0,13,18,391,256,3,9.16,21.72
HH Pandya,2019.0,16,14,397,255,3,9.34,28.36
HH Pandya,2022.0,10,8,226,183,3,7.41,28.25
HH Pandya,2023.0,11,3,241,150,1,9.64,80.33
HH Pandya,2024.0,12,11,389,216,3,10.81,35.36
HH Pandya,2025.0,14,14,345,210,5,9.86,24.64
HH Pandya,2026.0,9,4,261,136,1,11.51,65.25
HR Shokeen,2022.0,5,2,130,90,2,8.67,65.0
HR Shokeen,2023.0,8,3,190,114,2,10.0,63.33
HV Patel,2012.0,11,9,352,246,2,8.59,39.11
HV Patel,2014.0,3,4,118,66,2,10.73,29.5
HV Patel,2015.0,14,17,339,263,2,7.73,19.94
HV Patel,2016.0,5,1,147,84,1,10.5,147.0
HV Patel,2017.0,1,3,43,24,3,10.75,14.33
HV Patel,2018.0,5,7,169,105,3,9.66,24.14
HV Patel,2019.0,2,2,77,48,2,9.62,38.5
HV Patel,2020.0,5,3,135,90,2,9.0,45.0
HV Patel,2021.0,15,32,461,338,5,8.18,14.41
HV Patel,2022.0,15,19,421,321,4,7.87,22.16
HV Patel,2023.0,13,14,468,282,3,9.96,33.43
HV Patel,2024.0,14,24,485,294,3,9.9,20.21
HV Patel,2025.0,13,16,434,263,4,9.9,27.12
HV Patel,2026.0,5,0,152,82,0,11.12,999.0
Harbhajan Singh,2008.0,3,5,84,60,3,8.4,16.8
Harbhajan Singh,2009.0,13,12,272,264,4,6.18,22.67
Harbhajan Singh,2010.0,14,17,385,321,3,7.2,22.65
Harbhajan Singh,2011.0,15,14,373,318,5,7.04,26.64
Harbhajan Singh,2012.0,16,6,389,324,2,7.2,64.83
Harbhajan Singh,2013.0,19,24,466,420,3,6.66,19.42
Harbhajan Singh,2014.0,14,14,365,330,2,6.64,26.07
Harbhajan Singh,2015.0,15,18,448,342,3,7.86,24.89
Harbhajan Singh,2016.0,14,9,402,294,2,8.2,44.67
Harbhajan Singh,2017.0,11,8,269,246,3,6.56,33.62
Harbhajan Singh,2018.0,12,7,270,191,2,8.48,38.57
Harbhajan Singh,2019.0,11,16,315,264,3,7.16,19.69
Harbhajan Singh,2021.0,3,0,63,42,0,9.0,999.0
Harmeet Singh,2009.0,7,3,198,137,2,8.67,66.0
Harmeet Singh,2010.0,8,8,177,144,2,7.38,22.12
Harmeet Singh,2011.0,2,3,53,42,2,7.57,17.67
Harmeet Singh,2012.0,7,7,196,134,3,8.78,28.0
Harmeet Singh,2013.0,3,5,89,68,3,7.85,17.8
Harmeet Singh (2),2013.0,1,1,34,24,1,8.5,34.0
Harpreet Brar,2019.0,2,0,48,30,0,9.6,999.0
Harpreet Brar,2020.0,1,0,41,24,0,10.25,999.0
Harpreet Brar,2021.0,7,5,142,138,3,6.17,28.4
Harpreet Brar,2022.0,5,4,148,96,3,9.25,37.0
Harpreet Brar,2023.0,11,9,219,163,4,8.06,24.33
Harpreet Brar,2024.0,13,7,309,228,2,8.13,44.14
Harpreet Brar,2025.0,7,10,190,132,3,8.64,19.0
Harpreet Brar,2026.0,2,2,60,48,2,7.5,30.0
Harsh Dubey,2025.0,3,5,98,60,3,9.8,19.6
Harsh Dubey,2026.0,8,8,230,132,3,10.45,28.75
Harshit Rana,2022.0,2,1,52,30,1,10.4,52.0
Harshit Rana,2023.0,6,5,153,102,2,9.0,30.6
Harshit Rana,2024.0,11,19,385,253,3,9.13,20.26
Harshit Rana,2025.0,13,15,457,264,3,10.39,30.47
I Malhotra,2011.0,1,0,23,6,0,23.0,999.0
I Sharma,2008.0,13,7,348,253,1,8.25,49.71
I Sharma,2009.0,11,11,303,258,2,7.05,27.55
I Sharma,2010.0,7,7,242,150,2,9.68,34.57
I Sharma,2011.0,12,11,324,264,5,7.36,29.45
I Sharma,2013.0,16,15,471,358,3,7.89,31.4
I Sharma,2014.0,3,3,101,66,2,9.18,33.67
I Sharma,2015.0,4,1,161,84,1,11.5,161.0
I Sharma,2016.0,4,3,151,90,2,10.07,50.33
I Sharma,2017.0,6,0,190,108,0,10.56,999.0
I Sharma,2019.0,13,13,364,276,3,7.91,28.0
I Sharma,2020.0,1,0,26,18,0,8.67,999.0
I Sharma,2021.0,3,1,98,72,1,8.17,98.0
I Sharma,2023.0,8,10,210,150,2,8.4,21.0
I Sharma,2024.0,9,10,266,162,3,9.85,26.6
I Sharma,2025.0,7,4,210,110,1,11.45,52.5
I Udana,2020.0,10,8,286,174,2,9.86,35.75
IC Pandey,2013.0,2,1,50,24,1,12.5,50.0
IC Pandey,2014.0,12,6,331,252,2,7.88,55.17
IC Pandey,2015.0,10,11,228,186,2,7.35,20.73
IC Porel,2021.0,1,1,42,24,1,10.5,42.0
IK Pathan,2008.0,14,15,361,318,2,6.81,24.07
IK Pathan,2009.0,14,17,398,302,3,7.91,23.41
IK Pathan,2010.0,14,15,435,278,3,9.39,29.0
IK Pathan,2011.0,13,11,353,275,3,7.7,32.09
IK Pathan,2012.0,17,8,477,360,2,7.95,59.62
IK Pathan,2013.0,15,10,391,308,2,7.62,39.1
IK Pathan,2014.0,10,4,209,142,2,8.83,52.25
IK Pathan,2016.0,3,0,61,48,0,7.62,999.0
IK Pathan,2017.0,1,0,26,12,0,13.0,999.0
IS Sodhi,2018.0,6,5,137,138,1,5.96,27.4
IS Sodhi,2019.0,2,4,67,43,3,9.35,16.75
Imran Tahir,2014.0,6,9,176,125,3,8.45,19.56
Imran Tahir,2015.0,10,15,315,213,4,8.87,21.0
Imran Tahir,2016.0,4,5,141,96,3,8.81,28.2
Imran Tahir,2017.0,12,18,370,282,3,7.87,20.56
Imran Tahir,2018.0,6,6,193,124,2,9.34,32.17
Imran Tahir,2019.0,17,26,440,386,4,6.84,16.92
Imran Tahir,2020.0,3,1,78,66,1,7.09,78.0
Imran Tahir,2021.0,1,2,16,24,2,4.0,8.0
Iqbal Abdulla,2008.0,1,0,22,18,0,7.33,999.0
Iqbal Abdulla,2010.0,3,1,62,51,1,7.29,62.0
Iqbal Abdulla,2011.0,15,16,313,300,3,6.26,19.56
Iqbal Abdulla,2012.0,8,4,147,132,1,6.68,36.75
Iqbal Abdulla,2013.0,5,7,142,113,3,7.54,20.29
Iqbal Abdulla,2014.0,1,0,18,12,0,9.0,999.0
Iqbal Abdulla,2015.0,5,4,150,114,2,7.89,37.5
Iqbal Abdulla,2016.0,8,6,216,150,3,8.64,36.0
Iqbal Abdulla,2017.0,2,2,55,30,2,11.0,27.5
Ishan Kishan,2025.0,1,0,4,1,0,24.0,999.0
J Botha,2009.0,3,3,76,72,2,6.33,25.33
J Botha,2011.0,10,7,242,216,3,6.72,34.57
J Botha,2012.0,11,9,304,246,2,7.41,33.78
J Botha,2013.0,6,5,114,100,2,6.84,22.8
J Botha,2015.0,4,1,82,60,1,8.2,82.0
J Little,2023.0,10,7,296,204,2,8.71,42.29
J Little,2024.0,1,4,45,24,4,11.25,11.25
J Overton,2025.0,3,0,84,36,0,14.0,999.0
J Overton,2026.0,10,14,254,168,4,9.07,18.14
J Suchith,2015.0,12,10,338,234,2,8.67,33.8
J Suchith,2016.0,1,0,31,12,0,15.5,999.0
J Suchith,2019.0,1,2,28,24,2,7.0,14.0
J Suchith,2021.0,2,0,66,42,0,9.43,999.0
J Suchith,2022.0,5,7,141,108,2,7.83,20.14
J Syed Mohammad,2011.0,5,5,128,90,2,8.53,25.6
J Syed Mohammad,2012.0,2,0,66,42,0,9.43,999.0
J Syed Mohammad,2013.0,4,3,92,60,2,9.2,30.67
J Theron,2010.0,7,8,204,149,4,8.21,25.5
J Theron,2012.0,2,2,66,48,2,8.25,33.0
J Theron,2015.0,1,1,41,24,1,10.25,41.0
J Yadav,2015.0,3,2,29,42,1,4.14,14.5
J Yadav,2016.0,5,2,125,102,1,7.35,62.5
J Yadav,2017.0,2,0,43,36,0,7.17,999.0
J Yadav,2019.0,2,1,50,42,1,7.14,50.0
J Yadav,2020.0,2,1,43,42,1,6.14,43.0
J Yadav,2021.0,5,2,131,102,1,7.71,65.5
J Yadav,2023.0,1,0,26,24,0,6.5,999.0
JA Duffy,2026.0,6,9,266,144,3,11.08,29.56
JA Morkel,2008.0,13,17,414,288,4,8.62,24.35
JA Morkel,2009.0,12,13,330,240,2,8.25,25.38
JA Morkel,2010.0,14,11,410,286,2,8.6,37.27
JA Morkel,2011.0,14,15,390,270,3,8.67,26.0
JA Morkel,2012.0,15,13,392,297,3,7.92,30.15
JA Morkel,2013.0,7,7,167,144,3,6.96,23.86
JA Morkel,2014.0,6,4,127,96,1,7.94,31.75
JA Morkel,2015.0,4,3,113,72,2,9.42,37.67
JA Morkel,2016.0,2,2,66,30,2,13.2,33.0
JA Richardson,2021.0,3,3,122,66,2,11.09,40.67
JA Richardson,2024.0,1,0,40,24,0,10.0,999.0
JC Archer,2018.0,10,15,329,233,3,8.47,21.93
JC Archer,2019.0,11,11,306,258,3,7.12,27.82
JC Archer,2020.0,14,20,373,334,3,6.7,18.65
JC Archer,2023.0,5,2,202,120,1,10.1,101.0
JC Archer,2025.0,12,11,445,273,3,9.78,40.45
JC Archer,2026.0,16,25,566,360,3,9.43,22.64
JD Ryder,2009.0,5,3,121,102,2,7.12,40.33
JD Ryder,2011.0,7,4,119,92,1,7.76,29.75
JD Ryder,2012.0,4,1,74,42,1,10.57,74.0
JD Unadkat,2010.0,3,4,85,62,3,8.23,21.25
JD Unadkat,2011.0,6,6,151,108,2,8.39,25.17
JD Unadkat,2012.0,1,0,32,18,0,10.67,999.0
JD Unadkat,2013.0,13,13,373,294,5,7.61,28.69
JD Unadkat,2014.0,9,9,278,187,3,8.92,30.89
JD Unadkat,2015.0,1,0,30,18,0,10.0,999.0
JD Unadkat,2016.0,1,0,49,18,0,16.33,999.0
JD Unadkat,2017.0,12,24,330,275,5,7.2,13.75
JD Unadkat,2018.0,15,11,486,302,3,9.66,44.18
JD Unadkat,2019.0,11,10,404,224,2,10.82,40.4
JD Unadkat,2020.0,7,4,229,138,2,9.96,57.25
JD Unadkat,2021.0,6,4,168,132,3,7.64,42.0
JD Unadkat,2022.0,5,6,191,120,2,9.55,31.83
JD Unadkat,2023.0,3,0,92,48,0,11.5,999.0
JD Unadkat,2024.0,11,8,321,187,3,10.3,40.12
JD Unadkat,2025.0,7,11,177,143,3,7.43,16.09
JD Unadkat,2026.0,4,4,145,77,3,11.3,36.25
JDP Oram,2008.0,4,3,149,96,3,9.31,49.67
JDP Oram,2009.0,7,5,139,93,2,8.97,27.8
JDP Oram,2011.0,2,1,46,24,1,11.5,46.0
JDP Oram,2013.0,1,0,28,24,0,7.0,999.0
JDS Neesham,2014.0,4,1,96,54,1,10.67,96.0
JDS Neesham,2020.0,5,2,149,90,1,9.93,74.5
JDS Neesham,2021.0,3,5,68,54,3,7.56,13.6
JDS Neesham,2022.0,1,0,29,18,0,9.67,999.0
JE Root,2023.0,1,0,15,12,0,7.5,999.0
JE Taylor,2011.0,5,6,167,117,3,8.56,27.83
JEC Franklin,2011.0,6,3,99,61,2,9.74,33.0
JEC Franklin,2012.0,9,6,126,90,2,8.4,21.0
JH Kallis,2008.0,11,4,322,206,2,9.38,80.5
JH Kallis,2009.0,14,6,362,276,2,7.87,60.33
JH Kallis,2010.0,16,13,484,342,2,8.49,37.23
JH Kallis,2011.0,9,7,170,144,2,7.08,24.29
JH Kallis,2012.0,16,15,410,324,2,7.59,27.33
JH Kallis,2013.0,15,16,407,318,3,7.68,25.44
JH Kallis,2014.0,8,4,193,132,1,8.77,48.25
JJ Bumrah,2013.0,2,3,74,42,3,10.57,24.67
JJ Bumrah,2014.0,11,5,307,238,2,7.74,61.4
JJ Bumrah,2015.0,4,3,184,90,1,12.27,61.33
JJ Bumrah,2016.0,14,15,413,312,3,7.94,27.53
JJ Bumrah,2017.0,16,20,455,362,3,7.54,22.75
JJ Bumrah,2018.0,14,17,383,324,3,7.09,22.53
JJ Bumrah,2019.0,16,20,433,374,3,6.95,21.65
JJ Bumrah,2020.0,15,29,436,372,5,7.03,15.03
JJ Bumrah,2021.0,14,21,422,330,3,7.67,20.1
JJ Bumrah,2022.0,14,15,392,320,5,7.35,26.13
JJ Bumrah,2024.0,13,20,341,311,5,6.58,17.05
JJ Bumrah,2025.0,12,18,322,284,4,6.8,17.89
JJ Bumrah,2026.0,13,4,420,294,1,8.57,105.0
JJ van der Wath,2011.0,3,3,134,72,2,11.17,44.67
JL Pattinson,2020.0,10,11,321,213,2,9.04,29.18
JM Kemp,2010.0,5,3,58,44,3,7.91,19.33
JO Holder,2013.0,6,2,173,120,2,8.65,86.5
JO Holder,2014.0,1,1,35,18,1,11.67,35.0
JO Holder,2016.0,4,2,105,78,2,8.08,52.5
JO Holder,2020.0,7,14,239,168,3,8.54,17.07
JO Holder,2021.0,8,16,248,191,4,7.79,15.5
JO Holder,2022.0,12,14,399,249,3,9.61,28.5
JO Holder,2023.0,8,4,290,171,2,10.18,72.5
JO Holder,2026.0,11,17,292,230,4,7.62,17.18
JP Behrendorff,2019.0,5,5,168,114,2,8.84,33.6
JP Behrendorff,2023.0,12,14,395,252,3,9.4,28.21
JP Duminy,2009.0,6,4,96,105,2,5.49,24.0
JP Duminy,2010.0,2,1,37,33,1,6.73,37.0
JP Duminy,2011.0,8,4,149,108,1,8.28,37.25
JP Duminy,2012.0,6,1,104,72,1,8.67,104.0
JP Duminy,2014.0,11,3,242,198,2,7.33,80.67
JP Duminy,2015.0,9,8,128,102,4,7.53,16.0
JP Duminy,2016.0,5,2,55,42,1,7.86,27.5
JP Duminy,2018.0,2,0,36,18,0,12.0,999.0
JP Faulkner,2011.0,1,1,10,12,1,5.0,10.0
JP Faulkner,2012.0,2,3,74,48,2,9.25,24.67
JP Faulkner,2013.0,16,28,436,379,5,6.9,15.57
JP Faulkner,2014.0,13,11,449,264,3,10.2,40.82
JP Faulkner,2015.0,13,8,433,270,3,9.62,54.12
JP Faulkner,2016.0,7,2,168,102,1,9.88,84.0
JP Faulkner,2017.0,8,8,279,163,4,10.27,34.88
JPR Scantlebury-Searles,2018.0,3,2,89,42,1,12.71,44.5
JR Hazlewood,2020.0,3,1,72,60,1,7.2,72.0
JR Hazlewood,2021.0,9,11,302,210,3,8.63,27.45
JR Hazlewood,2022.0,12,20,380,279,4,8.17,19.0
JR Hazlewood,2023.0,3,3,76,54,2,8.44,25.33
JR Hazlewood,2025.0,12,22,389,264,4,8.84,17.68
JR Hazlewood,2026.0,13,15,506,309,4,9.83,33.73
JR Hopes,2008.0,11,7,285,168,2,10.18,40.71
JR Hopes,2011.0,9,7,277,192,1,8.66,39.57
JW Hastings,2014.0,1,1,29,18,1,9.67,29.0
JW Hastings,2016.0,2,2,37,40,2,5.55,18.5
Jalaj S Saxena,2021.0,1,0,27,18,0,9.0,999.0
Jaskaran Singh,2009.0,1,0,32,18,0,10.67,999.0
Jaskaran Singh,2010.0,6,6,142,84,2,10.14,23.67
Joginder Sharma,2008.0,7,8,241,148,2,9.77,30.12
Joginder Sharma,2009.0,4,2,57,42,1,8.14,28.5
Joginder Sharma,2010.0,3,2,89,48,1,11.12,44.5
Joginder Sharma,2011.0,1,0,34,18,0,11.33,999.0
K Goel,2008.0,1,0,25,12,0,12.5,999.0
K Goel,2009.0,4,0,62,48,0,7.75,999.0
K Goel,2010.0,1,0,7,6,0,7.0,999.0
K Gowtham,2018.0,15,11,321,240,2,8.02,29.18
K Gowtham,2019.0,7,1,171,120,1,8.55,171.0
K Gowtham,2020.0,2,1,84,48,1,10.5,84.0
K Gowtham,2022.0,4,5,101,72,2,8.42,20.2
K Gowtham,2023.0,6,3,118,96,1,7.38,39.33
K Gowtham,2024.0,1,0,30,12,0,15.0,999.0
K Kartikeya,2022.0,4,5,103,78,2,7.92,20.6
K Kartikeya,2023.0,8,5,231,156,2,8.88,46.2
K Kartikeya,2025.0,4,2,78,48,1,9.75,39.0
K Khejroliya,2018.0,3,2,110,65,2,10.15,55.0
K Khejroliya,2019.0,2,1,47,30,1,9.4,47.0
K Khejroliya,2023.0,2,2,64,26,2,14.77,32.0
K Khejroliya,2025.0,1,1,29,18,1,9.67,29.0
K Khejroliya,2026.0,1,0,31,12,0,15.5,999.0
K Rabada,2017.0,6,6,198,128,2,9.28,33.0
K Rabada,2019.0,12,26,382,288,4,7.96,14.69
K Rabada,2020.0,17,32,565,397,4,8.54,17.66
K Rabada,2021.0,15,15,464,336,3,8.29,30.93
K Rabada,2022.0,13,23,414,288,4,8.62,18.0
K Rabada,2023.0,6,7,243,138,2,10.57,34.71
K Rabada,2024.0,11,11,386,252,2,9.19,35.09
K Rabada,2025.0,4,2,164,84,1,11.71,82.0
K Rabada,2026.0,17,29,631,388,3,9.76,21.76
K Santokie,2014.0,2,3,91,48,2,11.38,30.33
K Upadhyay,2012.0,1,0,33,24,0,8.25,999.0
K Upadhyay,2013.0,2,0,48,30,0,9.6,999.0
K Yadav,2021.0,1,0,17,12,0,8.5,999.0
K Yadav,2023.0,2,2,68,42,1,9.71,34.0
KA Jamieson,2021.0,9,9,271,168,3,9.68,30.11
KA Jamieson,2025.0,4,5,147,90,3,9.8,29.4
KA Jamieson,2026.0,2,2,90,42,1,12.86,45.0
KA Maharaj,2024.0,2,2,39,36,2,6.5,19.5
KA Pollard,2010.0,12,15,276,222,3,7.46,18.4
KA Pollard,2011.0,16,10,367,255,2,8.64,36.7
KA Pollard,2012.0,14,16,352,263,4,8.03,22.0
KA Pollard,2013.0,14,10,292,186,2,9.42,29.2
KA Pollard,2014.0,12,2,265,150,1,10.6,132.5
KA Pollard,2015.0,8,3,121,76,1,9.55,40.33
KA Pollard,2016.0,4,0,82,36,0,13.67,999.0
KA Pollard,2017.0,1,0,30,11,0,16.36,999.0
KA Pollard,2020.0,11,4,190,126,1,9.05,47.5
KA Pollard,2021.0,9,5,95,79,2,7.22,19.0
KA Pollard,2022.0,6,4,130,84,2,9.29,32.5
KAJ Roach,2010.0,2,0,80,48,0,10.0,999.0
KC Cariappa,2015.0,1,1,28,12,1,14.0,28.0
KC Cariappa,2016.0,5,3,160,102,2,9.41,53.33
KC Cariappa,2017.0,4,4,127,90,2,8.47,31.75
KC Cariappa,2019.0,1,0,34,12,0,17.0,999.0
KH Pandya,2016.0,11,6,238,187,2,7.64,39.67
KH Pandya,2017.0,13,10,280,240,3,7.0,28.0
KH Pandya,2018.0,13,12,288,241,3,7.17,24.0
KH Pandya,2019.0,16,12,337,276,3,7.33,28.08
KH Pandya,2020.0,16,6,387,301,2,7.71,64.5
KH Pandya,2021.0,12,5,267,199,1,8.05,53.4
KH Pandya,2022.0,12,10,269,228,3,7.08,26.9
KH Pandya,2023.0,12,9,320,252,3,7.62,35.56
KH Pandya,2024.0,12,6,258,198,3,7.82,43.0
KH Pandya,2025.0,15,17,380,276,4,8.26,22.35
KH Pandya,2026.0,15,14,427,303,2,8.46,30.5
KJ Abbott,2016.0,5,2,182,96,1,11.38,91.0
KK Ahmed,2018.0,1,0,39,18,0,13.0,999.0
KK Ahmed,2019.0,9,19,292,209,3,8.38,15.37
KK Ahmed,2020.0,7,8,245,154,2,9.55,30.62
KK Ahmed,2021.0,7,5,225,162,3,8.33,45.0
KK Ahmed,2022.0,10,16,315,235,3,8.04,19.69
KK Ahmed,2023.0,9,9,309,198,2,9.36,34.33
KK Ahmed,2024.0,14,17,493,300,2,9.86,29.0
KK Ahmed,2025.0,14,15,454,280,3,9.73,30.27
KK Ahmed,2026.0,5,2,149,101,1,8.85,74.5
KK Cooper,2012.0,6,10,187,144,4,7.79,18.7
KK Cooper,2013.0,14,19,456,324,3,8.44,24.0
KK Cooper,2014.0,5,4,146,108,2,8.11,36.5
KL Nagarkoti,2020.0,9,5,233,156,2,8.96,46.6
KL Nagarkoti,2021.0,1,0,25,12,0,12.5,999.0
KL Nagarkoti,2022.0,1,0,29,12,0,14.5,999.0
KM Asif,2018.0,2,3,75,36,2,12.5,25.0
KM Asif,2021.0,1,1,18,13,1,8.31,18.0
KM Asif,2023.0,4,3,139,84,2,9.93,46.33
KMA Paul,2019.0,8,9,239,163,3,8.8,26.56
KMDN Kulasekara,2011.0,1,1,26,18,1,8.67,26.0
KMDN Kulasekara,2012.0,4,4,96,84,2,6.86,24.0
KP Appanna,2009.0,5,2,91,72,1,7.58,45.5
KP Appanna,2010.0,2,1,51,42,1,7.29,51.0
KP Appanna,2012.0,6,6,149,102,4,8.76,24.83
KP Pietersen,2009.0,4,4,88,78,2,6.77,22.0
KP Pietersen,2010.0,6,3,77,60,1,7.7,25.67
KP Pietersen,2012.0,3,0,53,36,0,8.83,999.0
KR Mayers,2023.0,6,0,59,42,0,8.43,999.0
KR Sen,2022.0,7,8,240,151,4,9.54,30.0
KR Sen,2023.0,2,0,29,18,0,9.67,999.0
KR Sen,2024.0,3,6,127,72,3,10.58,21.17
KS Williamson,2016.0,1,0,7,6,0,7.0,999.0
KS Williamson,2020.0,1,0,24,12,0,12.0,999.0
KT Maphaka,2024.0,2,1,90,36,1,15.0,90.0
KT Maphaka,2025.0,2,1,58,30,1,11.6,58.0
KV Sharma,2013.0,13,11,235,209,2,6.75,21.36
KV Sharma,2014.0,14,15,393,304,4,7.76,26.2
KV Sharma,2015.0,14,10,338,239,2,8.49,33.8
KV Sharma,2016.0,5,0,174,98,0,10.65,999.0
KV Sharma,2017.0,9,13,217,184,4,7.08,16.69
KV Sharma,2018.0,5,4,90,57,2,9.47,22.5
KV Sharma,2019.0,1,1,33,17,1,11.65,33.0
KV Sharma,2020.0,5,5,165,114,2,8.68,33.0
KV Sharma,2023.0,7,10,229,129,2,10.65,22.9
KV Sharma,2024.0,9,7,256,144,2,10.67,36.57
KV Sharma,2025.0,5,7,133,90,3,8.87,19.0
KW Richardson,2013.0,3,2,103,71,1,8.7,51.5
KW Richardson,2014.0,7,9,209,162,2,7.74,23.22
KW Richardson,2016.0,4,7,138,84,3,9.86,19.71
KW Richardson,2021.0,1,1,29,18,1,9.67,29.0
Kamran Khan,2009.0,5,7,148,112,4,7.93,21.14
Kamran Khan,2010.0,3,3,53,36,2,8.83,17.67
Kamran Khan,2011.0,1,0,47,18,0,15.67,999.0
Karanveer Singh,2014.0,5,11,164,120,4,8.2,14.91
Karanveer Singh,2015.0,4,1,159,84,1,11.36,159.0
Karim Janat,2025.0,1,0,30,6,0,30.0,999.0
Kartik Tyagi,2020.0,10,9,372,229,2,9.75,41.33
Kartik Tyagi,2021.0,4,4,125,84,2,8.93,31.25
Kartik Tyagi,2022.0,2,1,79,48,1,9.88,79.0
Kartik Tyagi,2023.0,3,1,92,37,1,14.92,92.0
Kartik Tyagi,2024.0,1,0,52,24,0,13.0,999.0
Kartik Tyagi,2026.0,13,18,504,306,3,9.88,28.0
Krish Bhagat,2026.0,3,0,63,36,0,10.5,999.0
Kuldeep Yadav,2016.0,3,6,102,72,3,8.5,17.0
Kuldeep Yadav,2017.0,11,12,345,246,2,8.41,28.75
Kuldeep Yadav,2018.0,16,17,423,308,4,8.24,24.88
Kuldeep Yadav,2019.0,9,4,286,198,2,8.67,71.5
Kuldeep Yadav,2020.0,4,1,95,72,1,7.92,95.0
Kuldeep Yadav,2022.0,14,21,420,298,4,8.46,20.0
Kuldeep Yadav,2023.0,14,10,366,294,2,7.47,36.6
Kuldeep Yadav,2024.0,11,16,376,258,4,8.74,23.5
Kuldeep Yadav,2025.0,14,15,392,318,3,7.4,26.13
Kuldeep Yadav,2026.0,11,10,384,222,3,10.38,38.4
L Ablish,2010.0,2,3,37,24,2,9.25,12.33
L Ablish,2011.0,1,0,39,18,0,13.0,999.0
L Balaji,2008.0,9,11,293,198,5,8.88,26.64
L Balaji,2009.0,13,13,320,224,4,8.57,24.62
L Balaji,2010.0,7,7,214,140,2,9.17,30.57
L Balaji,2011.0,14,10,383,266,3,8.64,38.3
L Balaji,2012.0,8,11,169,180,4,5.63,15.36
L Balaji,2013.0,13,12,399,300,3,7.98,33.25
L Balaji,2014.0,9,12,305,204,4,8.97,25.42
L Ngidi,2018.0,7,11,162,156,4,6.23,14.73
L Ngidi,2020.0,4,9,169,96,3,10.56,18.78
L Ngidi,2021.0,3,5,129,72,3,10.75,25.8
L Ngidi,2025.0,2,4,81,48,3,10.12,20.25
L Ngidi,2026.0,11,13,342,248,3,8.27,26.31
L Wood,2024.0,2,1,94,36,1,15.67,94.0
LA Carseldine,2009.0,1,1,6,6,1,6.0,6.0
LB Williams,2024.0,2,1,74,36,1,12.33,74.0
LE Plunkett,2018.0,7,4,228,150,3,9.12,57.0
LH Ferguson,2017.0,4,3,96,78,2,7.38,32.0
LH Ferguson,2019.0,5,2,185,102,1,10.88,92.5
LH Ferguson,2020.0,5,8,153,122,5,7.52,19.12
LH Ferguson,2021.0,8,13,226,180,3,7.53,17.38
LH Ferguson,2022.0,13,12,433,286,4,9.08,36.08
LH Ferguson,2023.0,3,1,98,46,1,12.78,98.0
LH Ferguson,2024.0,7,9,260,144,2,10.83,28.89
LH Ferguson,2025.0,4,5,107,68,2,9.44,21.4
LH Ferguson,2026.0,3,1,141,66,1,12.82,141.0
LI Meriwala,2021.0,1,1,32,18,1,10.67,32.0
LJ Wright,2012.0,1,0,24,12,0,12.0,999.0
LJ Wright,2013.0,5,2,101,59,1,10.27,50.5
LMP Simmons,2014.0,1,1,34,18,1,11.33,34.0
LPC Silva,2008.0,1,0,21,6,0,21.0,999.0
LR Shukla,2008.0,9,6,126,72,3,10.5,21.0
LR Shukla,2009.0,5,3,102,84,3,7.29,34.0
LR Shukla,2010.0,4,3,108,72,1,9.0,36.0
LR Shukla,2012.0,2,1,12,12,1,6.0,12.0
LR Shukla,2013.0,2,1,22,18,1,7.33,22.0
LR Shukla,2014.0,5,1,88,56,1,9.43,88.0
LRPL Taylor,2009.0,1,0,13,6,0,13.0,999.0
LRPL Taylor,2011.0,1,0,11,6,0,11.0,999.0
LS Livingstone,2019.0,1,0,13,6,0,13.0,999.0
LS Livingstone,2022.0,12,6,202,138,3,8.78,33.67
LS Livingstone,2023.0,5,2,94,42,1,13.43,47.0
LS Livingstone,2024.0,4,3,86,72,2,7.17,28.67
LS Livingstone,2025.0,5,2,76,54,2,8.44,38.0
Lalit Yadav,2021.0,5,4,101,84,2,7.21,25.25
Lalit Yadav,2022.0,8,4,152,108,2,8.44,38.0
Lalit Yadav,2023.0,4,2,120,78,1,9.23,60.0
Lalit Yadav,2024.0,2,0,57,18,0,19.0,999.0
M Ashwin,2016.0,10,7,245,171,3,8.6,35.0
M Ashwin,2018.0,2,3,54,42,2,7.71,18.0
M Ashwin,2019.0,10,5,257,204,2,7.56,51.4
M Ashwin,2020.0,9,10,240,189,3,7.62,24.0
M Ashwin,2021.0,3,1,100,66,1,9.09,100.0
M Ashwin,2022.0,8,9,233,174,2,8.03,25.89
M Ashwin,2023.0,2,0,53,24,0,13.25,999.0
M Jansen,2021.0,2,2,47,36,2,7.83,23.5
M Jansen,2022.0,8,7,278,192,3,8.69,39.71
M Jansen,2023.0,8,10,273,162,2,10.11,27.3
M Jansen,2024.0,3,1,134,60,1,13.4,134.0
M Jansen,2025.0,14,16,448,283,3,9.5,28.0
M Jansen,2026.0,12,9,492,284,2,10.39,54.67
M Kartik,2008.0,5,3,132,88,3,9.0,44.0
M Kartik,2009.0,10,4,207,204,2,6.09,51.75
M Kartik,2010.0,10,9,261,234,2,6.69,29.0
M Kartik,2011.0,6,1,170,125,1,8.16,170.0
M Kartik,2012.0,11,4,267,216,2,7.42,66.75
M Kartik,2013.0,11,9,290,234,2,7.44,32.22
M Kartik,2014.0,2,1,91,48,1,11.38,91.0
M Manhas,2011.0,3,0,42,42,0,6.0,999.0
M Markande,2018.0,14,15,376,264,4,8.55,25.07
M Markande,2019.0,3,1,59,36,1,9.83,59.0
M Markande,2021.0,1,0,26,18,0,8.67,999.0
M Markande,2022.0,2,1,61,42,1,8.71,61.0
M Markande,2023.0,10,12,300,228,4,7.89,25.0
M Markande,2024.0,7,8,259,132,2,11.77,32.38
M Markande,2026.0,3,0,76,30,0,15.2,999.0
M Morkel,2009.0,2,0,40,42,0,5.71,999.0
M Morkel,2010.0,2,0,66,42,0,9.43,999.0
M Morkel,2011.0,11,13,336,258,3,7.81,25.85
M Morkel,2012.0,16,25,466,378,4,7.4,18.64
M Morkel,2013.0,10,7,341,240,2,8.52,48.71
M Morkel,2014.0,12,12,376,288,2,7.83,31.33
M Morkel,2015.0,7,10,212,168,2,7.57,21.2
M Morkel,2016.0,10,10,299,213,2,8.42,29.9
M Muralitharan,2008.0,15,11,416,348,2,7.17,37.82
M Muralitharan,2009.0,13,14,267,300,3,5.34,19.07
M Muralitharan,2010.0,12,16,356,292,4,7.32,22.25
M Muralitharan,2011.0,5,2,145,114,1,7.63,72.5
M Muralitharan,2012.0,10,15,264,240,3,6.6,17.6
M Muralitharan,2013.0,6,3,192,138,1,8.35,64.0
M Muralitharan,2014.0,5,3,125,96,2,7.81,41.67
M Ntini,2008.0,9,7,257,210,4,7.34,36.71
M Pathirana,2022.0,2,2,56,41,2,8.2,28.0
M Pathirana,2023.0,12,19,386,278,3,8.33,20.32
M Pathirana,2024.0,6,13,175,132,4,7.95,13.46
M Pathirana,2025.0,12,13,430,251,3,10.28,33.08
M Pathirana,2026.0,1,0,9,8,0,6.75,999.0
M Prasidh Krishna,2018.0,7,10,261,168,4,9.32,26.1
M Prasidh Krishna,2019.0,11,5,394,248,1,9.53,78.8
M Prasidh Krishna,2020.0,6,4,165,105,3,9.43,41.25
M Prasidh Krishna,2021.0,10,12,357,231,3,9.27,29.75
M Prasidh Krishna,2022.0,17,19,564,399,3,8.48,29.68
M Prasidh Krishna,2025.0,15,25,506,354,4,8.58,20.24
M Prasidh Krishna,2026.0,12,16,408,234,4,10.46,25.5
M Shahrukh Khan,2024.0,2,0,16,12,0,8.0,999.0
M Shahrukh Khan,2025.0,1,1,13,6,1,13.0,13.0
M Siddharth,2024.0,3,1,72,54,1,8.0,72.0
M Siddharth,2025.0,2,2,68,42,2,9.71,34.0
M Siddharth,2026.0,4,6,145,90,2,9.67,24.17
M Theekshana,2022.0,9,12,267,210,4,7.63,22.25
M Theekshana,2023.0,13,11,401,294,2,8.18,36.45
M Theekshana,2024.0,5,2,146,120,1,7.3,73.0
M Theekshana,2025.0,11,11,412,252,2,9.81,37.45
M Tiwari,2025.0,1,0,14,6,0,14.0,999.0
M Tiwari,2026.0,3,4,91,60,2,9.1,22.75
M Vijay,2014.0,1,0,13,6,0,13.0,999.0
M Vijay,2015.0,2,0,28,24,0,7.0,999.0
M Vijay,2016.0,1,0,8,6,0,8.0,999.0
M de Lange,2012.0,3,3,108,60,3,10.8,36.0
M de Lange,2014.0,1,2,33,24,2,8.25,16.5
M de Lange,2015.0,1,0,30,24,0,7.5,999.0
MA Khote,2008.0,2,2,52,30,2,10.4,26.0
MA Starc,2014.0,14,14,419,322,2,7.81,29.93
MA Starc,2015.0,12,20,306,258,4,7.12,15.3
MA Starc,2024.0,13,17,450,251,4,10.76,26.47
MA Starc,2025.0,11,14,413,233,5,10.64,29.5
MA Starc,2026.0,6,11,225,132,4,10.23,20.45
MA Wood,2018.0,1,0,50,24,0,12.5,999.0
MA Wood,2023.0,4,11,142,96,5,8.88,12.91
MB Parmar,2010.0,1,0,33,18,0,11.0,999.0
MC Henriques,2009.0,4,2,107,73,1,8.79,53.5
MC Henriques,2010.0,1,1,35,24,1,8.75,35.0
MC Henriques,2013.0,8,7,187,127,2,8.83,26.71
MC Henriques,2014.0,4,4,96,60,2,9.6,24.0
MC Henriques,2015.0,9,11,164,150,3,6.56,14.91
MC Henriques,2016.0,17,12,418,312,2,8.04,34.83
MC Henriques,2017.0,12,1,248,144,1,10.33,248.0
MC Henriques,2021.0,5,4,47,60,3,4.7,11.75
MD Shanaka,2026.0,3,1,62,36,1,10.33,62.0
MF Maharoof,2008.0,10,15,255,216,3,7.08,17.0
MF Maharoof,2009.0,3,4,67,60,2,6.7,16.75
MF Maharoof,2010.0,7,8,210,144,2,8.75,26.25
MG Bracewell,2023.0,5,6,95,66,2,8.64,15.83
MG Johnson,2013.0,17,24,471,384,3,7.36,19.62
MG Johnson,2014.0,14,17,450,321,2,8.41,26.47
MG Johnson,2015.0,9,10,346,218,2,9.52,34.6
MG Johnson,2016.0,3,2,108,66,1,9.82,54.0
MG Johnson,2017.0,5,7,147,120,3,7.35,21.0
MG Johnson,2018.0,6,2,218,126,1,10.38,109.0
MG Neser,2013.0,1,0,62,24,0,15.5,999.0
MJ Clarke,2012.0,5,2,72,66,1,6.55,36.0
MJ Henry,2017.0,2,1,71,30,1,14.2,71.0
MJ Henry,2024.0,4,1,112,72,1,9.33,112.0
MJ Henry,2026.0,3,2,131,60,2,13.1,65.5
MJ McClenaghan,2015.0,12,18,395,282,3,8.4,21.94
MJ McClenaghan,2016.0,14,17,449,320,4,8.42,26.41
MJ McClenaghan,2017.0,14,19,512,324,3,9.48,26.95
MJ McClenaghan,2018.0,11,14,340,240,2,8.5,24.29
MJ McClenaghan,2019.0,5,3,143,108,3,7.94,47.67
MJ Santner,2019.0,4,4,94,84,2,6.71,23.5
MJ Santner,2020.0,2,2,53,42,1,7.57,26.5
MJ Santner,2022.0,6,4,135,114,1,7.11,33.75
MJ Santner,2023.0,3,3,82,72,2,6.83,27.33
MJ Santner,2024.0,3,2,64,54,1,7.11,32.0
MJ Santner,2025.0,13,10,316,237,3,8.0,31.6
MJ Santner,2026.0,4,5,126,84,2,9.0,25.2
MJ Suthar,2024.0,1,0,26,12,0,13.0,999.0
MJ Suthar,2026.0,3,2,68,36,1,11.33,34.0
MK Lomror,2018.0,2,0,27,18,0,9.0,999.0
MK Lomror,2021.0,4,1,47,42,1,6.71,47.0
MK Lomror,2022.0,2,0,18,12,0,9.0,999.0
MK Lomror,2023.0,2,0,17,12,0,8.5,999.0
MK Lomror,2024.0,1,0,18,6,0,18.0,999.0
MK Tiwary,2009.0,1,0,11,6,0,11.0,999.0
MK Tiwary,2010.0,1,1,11,6,1,11.0,11.0
MK Tiwary,2011.0,2,0,23,12,0,11.5,999.0
MK Tiwary,2014.0,1,0,28,12,0,14.0,999.0
MK Tiwary,2018.0,1,0,10,6,0,10.0,999.0
MM Ali,2018.0,5,3,98,79,1,7.44,32.67
MM Ali,2019.0,9,6,169,150,2,6.76,28.17
MM Ali,2020.0,3,1,42,30,1,8.4,42.0
MM Ali,2021.0,10,6,163,152,3,6.43,27.17
MM Ali,2022.0,10,8,159,143,3,6.67,19.88
MM Ali,2023.0,11,9,198,156,4,7.62,22.0
MM Ali,2024.0,4,2,71,48,2,8.88,35.5
MM Ali,2025.0,5,6,136,96,2,8.5,22.67
MM Patel,2008.0,15,14,423,330,3,7.69,30.21
MM Patel,2009.0,11,16,245,209,2,7.03,15.31
MM Patel,2010.0,4,3,118,78,1,9.08,39.33
MM Patel,2011.0,15,22,377,326,5,6.94,17.14
MM Patel,2012.0,12,15,374,280,4,8.01,24.93
MM Patel,2013.0,4,3,138,90,3,9.2,46.0
MM Patel,2017.0,2,1,58,42,1,8.29,58.0
MM Sharma,2013.0,15,20,327,304,3,6.45,16.35
MM Sharma,2014.0,16,23,457,323,4,8.49,19.87
MM Sharma,2015.0,16,14,482,342,3,8.46,34.43
MM Sharma,2016.0,14,13,410,291,3,8.45,31.54
MM Sharma,2017.0,14,13,412,274,2,9.02,31.69
MM Sharma,2018.0,9,7,328,178,2,11.06,46.86
MM Sharma,2019.0,1,1,27,18,1,9.0,27.0
MM Sharma,2020.0,1,1,45,24,1,11.25,45.0
MM Sharma,2023.0,14,27,362,265,5,8.2,13.41
MM Sharma,2024.0,11,13,428,234,3,10.97,32.92
MM Sharma,2025.0,8,2,259,150,1,10.36,129.5
MN Samuels,2012.0,8,8,217,172,3,7.57,27.12
MN Samuels,2013.0,1,1,34,24,1,8.5,34.0
MN Samuels,2017.0,2,0,34,18,0,11.33,999.0
MP Stoinis,2016.0,7,8,203,138,4,8.83,25.38
MP Stoinis,2017.0,5,2,111,63,1,10.57,55.5
MP Stoinis,2018.0,6,3,121,66,1,11.0,40.33
MP Stoinis,2019.0,6,2,147,100,1,8.82,73.5
MP Stoinis,2020.0,13,13,287,178,3,9.67,22.08
MP Stoinis,2021.0,8,2,124,67,1,11.1,62.0
MP Stoinis,2022.0,5,4,79,42,3,11.29,19.75
MP Stoinis,2023.0,5,5,101,65,2,9.32,20.2
MP Stoinis,2024.0,7,4,127,84,1,9.07,31.75
MP Stoinis,2025.0,9,1,177,85,1,12.49,177.0
MP Stoinis,2026.0,4,2,98,47,1,12.51,49.0
MP Yadav,2024.0,4,7,88,73,3,7.23,12.57
MP Yadav,2025.0,2,2,100,48,2,12.5,50.0
MP Yadav,2026.0,4,0,183,96,0,11.44,999.0
MR Marsh,2010.0,3,2,89,60,1,8.9,44.5
MR Marsh,2011.0,5,7,102,85,4,7.2,14.57
MR Marsh,2013.0,7,7,184,116,2,9.52,26.29
MR Marsh,2016.0,3,4,45,54,2,5.0,11.25
MR Marsh,2020.0,1,0,6,4,0,9.0,999.0
MR Marsh,2022.0,4,4,102,72,2,8.5,25.5
MR Marsh,2023.0,8,12,172,121,4,8.53,14.33
MR Marsh,2024.0,3,1,103,48,1,12.88,103.0
MS Gony,2008.0,16,17,456,360,3,7.6,26.82
MS Gony,2009.0,7,5,173,102,2,10.18,34.6
MS Gony,2010.0,3,1,92,48,1,11.5,92.0
MS Gony,2011.0,3,4,86,54,3,9.56,21.5
MS Gony,2012.0,6,3,217,144,1,9.04,72.33
MS Gony,2013.0,8,7,261,168,2,9.32,37.29
MS Gony,2017.0,1,0,32,12,0,16.0,999.0
MW Short,2023.0,3,0,25,24,0,6.25,999.0
MW Short,2026.0,2,0,39,19,0,12.32,999.0
Mandeep Singh,2019.0,2,0,26,12,0,13.0,999.0
Mashrafe Mortaza,2009.0,1,0,59,24,0,14.75,999.0
Mayank Dagar,2023.0,3,1,83,66,1,7.55,83.0
Mayank Dagar,2024.0,5,1,122,71,1,10.31,122.0
Mohammad Asif,2008.0,8,8,307,192,2,9.59,38.38
Mohammad Hafeez,2008.0,4,2,71,60,1,7.1,35.5
Mohammad Nabi,2017.0,3,2,59,66,1,5.36,29.5
Mohammad Nabi,2018.0,2,1,47,30,1,9.4,47.0
Mohammad Nabi,2019.0,8,8,201,175,4,6.89,25.12
Mohammad Nabi,2020.0,1,0,24,24,0,6.0,999.0
Mohammad Nabi,2021.0,3,2,86,48,2,10.75,43.0
Mohammad Nabi,2024.0,6,2,110,74,1,8.92,55.0
Mohammed Shami,2013.0,3,1,79,54,1,8.78,79.0
Mohammed Shami,2014.0,12,7,381,264,1,8.66,54.43
Mohammed Shami,2016.0,8,5,252,151,2,10.01,50.4
Mohammed Shami,2017.0,8,5,248,156,2,9.54,49.6
Mohammed Shami,2018.0,4,3,144,83,1,10.41,48.0
Mohammed Shami,2019.0,14,19,477,324,3,8.83,25.11
Mohammed Shami,2020.0,14,20,482,330,3,8.76,24.1
Mohammed Shami,2021.0,14,19,400,316,3,7.59,21.05
Mohammed Shami,2022.0,16,20,491,366,3,8.05,24.55
Mohammed Shami,2023.0,17,28,532,390,4,8.18,19.0
Mohammed Shami,2025.0,9,6,348,180,2,11.6,58.0
Mohammed Shami,2026.0,13,12,468,306,2,9.18,39.0
Mohammed Siraj,2017.0,6,10,214,138,4,9.3,21.4
Mohammed Siraj,2018.0,11,11,372,246,3,9.07,33.82
Mohammed Siraj,2019.0,9,7,271,169,2,9.62,38.71
Mohammed Siraj,2020.0,9,11,244,163,3,8.98,22.18
Mohammed Siraj,2021.0,15,11,366,312,3,7.04,33.27
Mohammed Siraj,2022.0,15,9,525,306,2,10.29,58.33
Mohammed Siraj,2023.0,14,19,395,300,4,7.9,20.79
Mohammed Siraj,2024.0,14,15,507,324,3,9.39,33.8
Mohammed Siraj,2025.0,15,16,540,342,4,9.47,33.75
Mohammed Siraj,2026.0,17,19,570,372,3,9.19,30.0
Mohit Rathee,2023.0,1,0,29,12,0,14.5,999.0
Mohsin Khan,2022.0,9,14,202,198,4,6.12,14.43
Mohsin Khan,2023.0,4,3,111,60,1,11.1,37.0
Mohsin Khan,2024.0,10,10,385,228,2,10.13,38.5
Mohsin Khan,2026.0,7,11,235,168,5,8.39,21.36
Monu Kumar,2020.0,1,0,20,12,0,10.0,999.0
Mujeeb Ur Rahman,2018.0,11,14,292,248,3,7.06,20.86
Mujeeb Ur Rahman,2019.0,5,3,193,114,2,10.16,64.33
Mujeeb Ur Rahman,2020.0,2,0,83,48,0,10.38,999.0
Mujeeb Ur Rahman,2021.0,1,2,30,24,2,7.5,15.0
Mujeeb Ur Rahman,2025.0,1,1,28,12,1,14.0,28.0
Mukesh Choudhary,2022.0,13,16,425,273,4,9.34,26.56
Mukesh Choudhary,2024.0,1,0,27,6,0,27.0,999.0
Mukesh Choudhary,2025.0,2,1,71,36,1,11.83,71.0
Mukesh Choudhary,2026.0,8,8,257,168,2,9.18,32.12
Mukesh Kumar,2023.0,10,7,328,186,2,10.58,46.86
Mukesh Kumar,2024.0,10,17,379,213,3,10.68,22.29
Mukesh Kumar,2025.0,12,12,411,237,4,10.41,34.25
Mukesh Kumar,2026.0,10,6,357,188,2,11.39,59.5
Musheer Khan,2025.0,1,1,27,12,1,13.5,27.0
Mustafizur Rahman,2016.0,16,17,427,366,3,7.0,25.12
Mustafizur Rahman,2017.0,1,0,34,16,0,12.75,999.0
Mustafizur Rahman,2018.0,7,7,232,165,3,8.44,33.14
Mustafizur Rahman,2021.0,14,14,448,311,3,8.64,32.0
Mustafizur Rahman,2022.0,8,8,248,192,3,7.75,31.0
Mustafizur Rahman,2023.0,2,1,79,42,1,11.29,79.0
Mustafizur Rahman,2024.0,9,14,324,206,4,9.44,23.14
Mustafizur Rahman,2025.0,3,4,87,66,3,7.91,21.75
N Burger,2024.0,5,7,152,102,2,8.94,21.71
N Burger,2026.0,13,14,465,261,2,10.69,33.21
N Rana,2016.0,1,0,3,6,0,3.0,999.0
N Rana,2018.0,5,4,44,37,2,7.14,11.0
N Rana,2019.0,6,3,73,48,1,9.12,24.33
N Rana,2020.0,2,0,23,12,0,11.5,999.0
N Rana,2021.0,2,0,12,12,0,6.0,999.0
N Rana,2022.0,2,0,23,12,0,11.5,999.0
N Rana,2023.0,6,3,75,53,2,8.49,25.0
N Rana,2025.0,2,0,18,12,0,9.0,999.0
N Rana,2026.0,1,0,55,24,0,13.75,999.0
N Thushara,2024.0,7,8,259,156,3,9.96,32.38
N Thushara,2025.0,1,1,30,24,1,7.5,30.0
N Wadhera,2024.0,1,0,13,12,0,6.5,999.0
N Wadhera,2025.0,1,0,9,5,0,10.8,999.0
NA Saini,2019.0,13,11,410,288,2,8.54,37.27
NA Saini,2020.0,13,7,392,280,2,8.4,56.0
NA Saini,2021.0,1,0,27,12,0,13.5,999.0
NA Saini,2023.0,1,0,35,12,0,17.5,999.0
NB Singh,2017.0,2,1,18,24,1,4.5,18.0
ND Doshi,2010.0,1,1,17,24,1,4.25,17.0
ND Doshi,2011.0,3,1,62,32,1,11.62,62.0
NJ Rimmington,2011.0,1,0,20,18,0,6.67,999.0
NL McCullum,2011.0,2,0,35,30,0,7.0,999.0
NLTC Perera,2010.0,1,0,19,6,0,19.0,999.0
NLTC Perera,2011.0,4,2,114,84,1,8.14,57.0
NLTC Perera,2012.0,2,0,27,15,0,10.8,999.0
NLTC Perera,2013.0,16,19,490,358,3,8.21,25.79
NLTC Perera,2015.0,2,1,55,36,1,9.17,55.0
NLTC Perera,2016.0,11,9,326,199,3,9.83,36.22
NM Coulter-Nile,2013.0,1,1,29,24,1,7.25,29.0
NM Coulter-Nile,2014.0,1,2,27,24,2,6.75,13.5
NM Coulter-Nile,2015.0,11,15,331,255,4,7.79,22.07
NM Coulter-Nile,2016.0,4,3,120,90,2,8.0,40.0
NM Coulter-Nile,2017.0,8,15,232,170,3,8.19,15.47
NM Coulter-Nile,2020.0,7,5,206,156,2,7.92,41.2
NM Coulter-Nile,2021.0,5,7,131,120,4,6.55,18.71
NM Coulter-Nile,2022.0,1,0,49,18,0,16.33,999.0
NT Ellis,2021.0,3,1,91,66,1,8.27,91.0
NT Ellis,2022.0,2,3,57,36,3,9.5,19.0
NT Ellis,2023.0,10,13,342,228,4,9.0,26.31
NT Ellis,2024.0,1,1,24,24,1,6.0,24.0
NT Ellis,2025.0,1,1,39,24,1,9.75,39.0
Naman Dhir,2024.0,3,0,55,28,0,11.79,999.0
Naman Dhir,2025.0,2,0,21,24,0,5.25,999.0
Navdeep Saini,2021.0,1,0,26,12,0,13.0,999.0
Navdeep Saini,2022.0,2,3,73,36,2,12.17,24.33
Navdeep Saini,2023.0,1,3,40,24,3,10.0,13.33
Navdeep Saini,2026.0,1,0,38,18,0,12.67,999.0
Naveen-ul-Haq,2023.0,7,11,227,168,4,8.11,20.64
Naveen-ul-Haq,2024.0,10,14,375,219,3,10.27,26.79
Nithish Kumar Reddy,2023.0,2,0,54,30,0,10.8,999.0
Nithish Kumar Reddy,2024.0,7,3,154,79,2,11.7,51.33
Nithish Kumar Reddy,2025.0,3,2,47,30,1,9.4,23.5
Nithish Kumar Reddy,2026.0,14,8,326,186,2,10.52,40.75
Noor Ahmad,2023.0,13,16,375,283,3,7.95,23.44
Noor Ahmad,2024.0,10,8,297,209,2,8.53,37.12
Noor Ahmad,2025.0,14,24,416,300,4,8.32,17.33
Noor Ahmad,2026.0,14,13,443,306,3,8.69,34.08
O Thomas,2019.0,4,5,85,60,2,8.5,17.0
OC McCoy,2022.0,7,11,242,155,3,9.37,22.0
OC McCoy,2023.0,1,0,13,6,0,13.0,999.0
OF Smith,2022.0,6,6,179,90,4,11.93,29.83
P Amarnath,2008.0,6,7,241,132,2,10.95,34.43
P Awana,2012.0,12,17,382,282,4,8.13,22.47
P Awana,2013.0,14,15,416,324,3,7.7,27.73
P Awana,2014.0,7,7,248,141,2,10.55,35.43
P Dubey,2020.0,3,0,72,48,0,9.0,999.0
P Dubey,2023.0,1,1,19,18,1,6.33,19.0
P Dubey,2025.0,1,1,21,12,1,10.5,21.0
P Kumar,2008.0,13,11,376,268,3,8.42,34.18
P Kumar,2009.0,13,13,401,298,3,8.07,30.85
P Kumar,2010.0,12,10,392,270,3,8.71,39.2
P Kumar,2011.0,13,10,353,276,2,7.67,35.3
P Kumar,2012.0,16,9,445,378,2,7.06,49.44
P Kumar,2013.0,15,12,394,338,2,6.99,32.83
P Kumar,2014.0,3,3,81,72,2,6.75,27.0
P Kumar,2015.0,12,7,338,216,2,9.39,48.29
P Kumar,2016.0,16,9,408,309,2,7.92,45.33
P Kumar,2017.0,6,6,154,99,2,9.33,25.67
P Negi,2012.0,6,7,153,132,4,6.95,21.86
P Negi,2013.0,1,0,28,24,0,7.0,999.0
P Negi,2014.0,2,0,76,42,0,10.86,999.0
P Negi,2015.0,10,6,259,180,2,8.63,43.17
P Negi,2016.0,5,1,84,54,1,9.33,84.0
P Negi,2017.0,12,16,202,193,3,6.28,12.62
P Negi,2018.0,2,1,49,24,1,12.25,49.0
P Negi,2019.0,4,3,103,67,2,9.22,34.33
P Parameswaran,2011.0,5,4,137,94,2,8.74,34.25
P Parameswaran,2012.0,3,5,89,60,3,8.9,17.8
P Prasanth,2011.0,1,0,18,6,0,18.0,999.0
P Ray Barman,2019.0,1,0,56,24,0,14.0,999.0
P Sahu,2016.0,5,3,152,105,2,8.69,50.67
P Suyal,2013.0,1,1,22,18,1,7.33,22.0
P Suyal,2014.0,1,1,35,18,1,11.67,35.0
P Suyal,2015.0,3,0,97,60,0,9.7,999.0
PC Valthaty,2011.0,9,7,191,145,4,7.9,27.29
PC Valthaty,2012.0,1,0,16,6,0,16.0,999.0
PD Collingwood,2010.0,6,5,101,89,2,6.81,20.2
PH Solanki,2022.0,2,2,39,36,2,6.5,19.5
PHKD Mendis,2025.0,4,2,60,42,1,8.57,30.0
PJ Cummins,2014.0,1,1,29,24,1,7.25,29.0
PJ Cummins,2015.0,3,1,103,60,1,10.3,103.0
PJ Cummins,2017.0,12,15,393,277,2,8.51,26.2
PJ Cummins,2020.0,14,12,424,312,4,8.15,35.33
PJ Cummins,2021.0,7,9,237,161,3,8.83,26.33
PJ Cummins,2022.0,5,7,219,119,3,11.04,31.29
PJ Cummins,2024.0,16,18,571,366,3,9.36,31.72
PJ Cummins,2025.0,14,16,460,298,3,9.26,28.75
PJ Cummins,2026.0,8,8,310,192,3,9.69,38.75
PJ Sangwan,2008.0,7,5,221,144,2,9.21,44.2
PJ Sangwan,2009.0,13,15,374,280,3,8.01,24.93
PJ Sangwan,2010.0,8,9,260,186,3,8.39,28.89
PJ Sangwan,2012.0,1,1,42,24,1,10.5,42.0
PJ Sangwan,2013.0,2,0,52,24,0,13.0,999.0
PJ Sangwan,2016.0,2,0,49,24,0,12.25,999.0
PJ Sangwan,2017.0,5,5,183,108,2,10.17,36.6
PJ Sangwan,2018.0,1,0,20,12,0,10.0,999.0
PJ Sangwan,2022.0,3,3,66,54,2,7.33,22.0
PM Sarvesh Kumar,2008.0,2,1,42,30,1,8.4,42.0
PP Chawla,2008.0,15,17,396,281,3,8.46,23.29
PP Chawla,2009.0,14,12,319,269,2,7.12,26.58
PP Chawla,2010.0,14,12,371,294,3,7.57,30.92
PP Chawla,2011.0,12,16,340,248,4,8.23,21.25
PP Chawla,2012.0,16,16,425,342,3,7.46,26.56
PP Chawla,2013.0,16,11,433,350,2,7.42,39.36
PP Chawla,2014.0,11,14,304,237,3,7.7,21.71
PP Chawla,2015.0,13,11,275,210,4,7.86,25.0
PP Chawla,2016.0,11,11,273,212,2,7.73,24.82
PP Chawla,2017.0,6,6,179,120,2,8.95,29.83
PP Chawla,2018.0,15,14,419,294,3,8.55,29.93
PP Chawla,2019.0,13,10,405,267,3,9.1,40.5
PP Chawla,2020.0,7,6,191,126,2,9.1,31.83
PP Chawla,2021.0,1,1,38,24,1,9.5,38.0
PP Chawla,2023.0,16,22,499,366,3,8.18,22.68
PP Chawla,2024.0,11,13,312,210,3,8.91,24.0
PP Hinge,2026.0,7,14,307,156,4,11.81,21.93
PP Ojha,2008.0,12,11,299,222,2,8.08,27.18
PP Ojha,2009.0,15,18,359,321,3,6.71,19.94
PP Ojha,2010.0,16,21,439,353,3,7.46,20.9
PP Ojha,2011.0,10,10,281,221,3,7.63,28.1
PP Ojha,2012.0,9,9,222,180,2,7.4,24.67
PP Ojha,2013.0,15,16,391,314,3,7.47,24.44
PP Ojha,2014.0,12,4,385,276,2,8.37,96.25
PP Ojha,2015.0,1,0,23,12,0,11.5,999.0
PR Veer,2026.0,1,0,25,12,0,12.5,999.0
PV Tambe,2013.0,3,1,91,66,1,8.27,91.0
PV Tambe,2014.0,13,15,365,294,4,7.45,24.33
PV Tambe,2015.0,10,7,267,204,2,7.85,38.14
PV Tambe,2016.0,7,5,143,96,2,8.94,28.6
PVD Chameera,2022.0,12,9,393,264,2,8.93,43.67
PVD Chameera,2024.0,1,0,49,18,0,16.33,999.0
PVD Chameera,2025.0,6,4,198,102,1,11.65,49.5
PVD Chameera,2026.0,1,0,18,12,0,9.0,999.0
PVSN Raju,2025.0,2,1,54,24,1,13.5,54.0
PWA Mulder,2025.0,1,0,16,6,0,16.0,999.0
PWH de Silva,2021.0,2,0,60,36,0,10.0,999.0
PWH de Silva,2022.0,16,26,439,342,5,7.7,16.88
PWH de Silva,2023.0,8,9,259,174,2,8.93,28.78
PWH de Silva,2025.0,11,11,376,246,4,9.17,34.18
Pankaj Singh,2008.0,5,0,129,72,0,10.75,999.0
Pankaj Singh,2009.0,3,2,65,42,2,9.29,32.5
Pankaj Singh,2010.0,2,2,83,48,2,10.38,41.5
Pankaj Singh,2011.0,1,0,24,12,0,12.0,999.0
Pankaj Singh,2012.0,6,7,171,126,2,8.14,24.43
Parvez Rasool,2013.0,2,1,29,30,1,5.8,29.0
Parvez Rasool,2014.0,3,1,83,54,1,9.22,83.0
Parvez Rasool,2015.0,2,1,31,30,1,6.2,31.0
Parvez Rasool,2016.0,4,1,130,84,1,9.29,130.0
Prince Yadav,2025.0,6,3,226,137,1,9.9,75.33
Prince Yadav,2026.0,14,16,469,313,3,8.99,29.31
R Ashwin,2009.0,1,2,14,24,2,3.5,7.0
R Ashwin,2010.0,12,13,308,288,3,6.42,23.69
R Ashwin,2011.0,16,20,398,378,3,6.32,19.9
R Ashwin,2012.0,18,14,439,395,3,6.67,31.36
R Ashwin,2013.0,18,15,397,348,2,6.84,26.47
R Ashwin,2014.0,16,16,446,359,3,7.45,27.88
R Ashwin,2015.0,13,10,229,234,2,5.87,22.9
R Ashwin,2016.0,14,10,321,264,4,7.3,32.1
R Ashwin,2018.0,14,10,411,304,2,8.11,41.1
R Ashwin,2019.0,14,15,400,330,3,7.27,26.67
R Ashwin,2020.0,15,13,393,306,3,7.71,30.23
R Ashwin,2021.0,13,7,334,268,2,7.48,47.71
R Ashwin,2022.0,17,12,506,402,3,7.55,42.17
R Ashwin,2023.0,13,14,370,294,2,7.55,26.43
R Ashwin,2024.0,14,9,469,330,3,8.53,52.11
R Ashwin,2025.0,9,7,286,186,2,9.23,40.86
R Bhatia,2008.0,9,6,185,132,2,8.41,30.83
R Bhatia,2009.0,7,10,153,130,4,7.06,15.3
R Bhatia,2010.0,5,3,136,96,1,8.5,45.33
R Bhatia,2011.0,12,8,213,192,3,6.66,26.62
R Bhatia,2012.0,16,13,400,319,2,7.52,30.77
R Bhatia,2013.0,15,11,334,263,2,7.62,30.36
R Bhatia,2014.0,12,12,287,228,3,7.55,23.92
R Bhatia,2015.0,2,0,47,30,0,9.4,999.0
R Bhatia,2016.0,10,6,249,204,2,7.32,41.5
R Bhatia,2017.0,3,2,55,42,2,7.86,27.5
R Dhawan,2013.0,5,2,115,90,1,7.67,57.5
R Dhawan,2014.0,13,13,373,284,2,7.88,28.69
R Dhawan,2015.0,5,1,111,72,1,9.25,111.0
R Dhawan,2016.0,2,2,56,42,1,8.0,28.0
R Dhawan,2022.0,6,6,164,114,2,8.63,27.33
R Dhawan,2023.0,4,1,64,42,1,9.14,64.0
R Dhawan,2024.0,1,0,39,18,0,13.0,999.0
R Goyal,2023.0,1,0,34,24,0,8.5,999.0
R McLaren,2010.0,10,4,281,204,2,8.26,70.25
R McLaren,2011.0,6,5,182,108,2,10.11,36.4
R McLaren,2013.0,2,3,95,42,2,13.57,31.67
R Ninan,2011.0,2,3,65,36,2,10.83,21.67
R Parag,2019.0,7,2,121,84,1,8.64,60.5
R Parag,2020.0,2,0,27,12,0,13.5,999.0
R Parag,2021.0,6,1,73,37,1,11.84,73.0
R Parag,2022.0,4,1,59,24,1,14.75,59.0
R Parag,2024.0,2,0,27,18,0,9.0,999.0
R Parag,2025.0,9,3,171,120,1,8.55,57.0
R Parag,2026.0,4,2,38,24,1,9.5,19.0
R Powell,2022.0,1,0,17,6,0,17.0,999.0
R Powell,2023.0,1,1,18,12,1,9.0,18.0
R Rampaul,2013.0,10,15,282,232,3,7.29,18.8
R Rampaul,2014.0,2,1,37,36,1,6.17,37.0
R Ravindra,2024.0,2,0,7,12,0,3.5,999.0
R Sai Kishore,2022.0,5,6,122,96,2,7.62,20.33
R Sai Kishore,2024.0,5,7,137,90,4,9.13,19.57
R Sai Kishore,2025.0,15,19,396,255,3,9.32,20.84
R Sai Kishore,2026.0,2,1,46,24,1,11.5,46.0
R Sanjay Yadav,2022.0,1,0,23,12,0,11.5,999.0
R Sathish,2010.0,4,2,81,48,1,10.12,40.5
R Sathish,2011.0,4,0,41,31,0,7.94,999.0
R Sathish,2013.0,3,0,52,24,0,13.0,999.0
R Sathish,2016.0,3,1,59,36,1,9.83,59.0
R Sharma,2010.0,6,5,170,124,2,8.23,34.0
R Sharma,2011.0,14,16,278,300,3,5.56,17.38
R Sharma,2012.0,11,9,305,222,2,8.24,33.89
R Sharma,2013.0,11,9,282,246,2,6.88,31.33
R Sharma,2014.0,2,1,65,36,1,10.83,65.0
R Shepherd,2022.0,3,3,98,54,2,10.89,32.67
R Shepherd,2024.0,5,1,162,72,1,13.5,162.0
R Shepherd,2025.0,7,6,156,84,2,11.14,26.0
R Shepherd,2026.0,13,7,303,150,3,12.12,43.29
R Shukla,2012.0,1,0,32,18,0,10.67,999.0
R Shukla,2013.0,3,3,80,48,2,10.0,26.67
R Shukla,2014.0,3,2,105,54,1,11.67,52.5
R Tewatia,2014.0,3,2,59,54,1,6.56,29.5
R Tewatia,2015.0,1,1,31,18,1,10.33,31.0
R Tewatia,2017.0,3,3,51,54,2,5.67,17.0
R Tewatia,2018.0,8,6,174,132,3,7.91,29.0
R Tewatia,2019.0,3,2,42,38,1,6.63,21.0
R Tewatia,2020.0,14,10,327,276,3,7.11,32.7
R Tewatia,2021.0,13,8,342,222,3,9.24,42.75
R Tewatia,2022.0,5,0,76,36,0,12.67,999.0
R Tewatia,2023.0,2,0,15,13,0,6.92,999.0
R Vinay Kumar,2008.0,8,5,183,138,3,7.96,36.6
R Vinay Kumar,2009.0,11,9,273,194,2,8.44,30.33
R Vinay Kumar,2010.0,14,16,404,277,4,8.75,25.25
R Vinay Kumar,2011.0,13,12,345,268,3,7.72,28.75
R Vinay Kumar,2012.0,14,19,488,335,3,8.74,25.68
R Vinay Kumar,2013.0,16,23,522,367,3,8.53,22.7
R Vinay Kumar,2014.0,9,7,294,192,2,9.19,42.0
R Vinay Kumar,2015.0,13,7,371,261,2,8.53,53.0
R Vinay Kumar,2016.0,3,3,65,54,2,7.22,21.67
R Vinay Kumar,2017.0,1,2,31,18,2,10.33,15.5
R Vinay Kumar,2018.0,2,2,65,23,2,16.96,32.5
RA Bawa,2026.0,2,2,50,24,1,12.5,25.0
RA Jadeja,2008.0,2,0,21,13,0,9.69,999.0
RA Jadeja,2009.0,10,6,156,140,3,6.69,26.0
RA Jadeja,2011.0,14,8,307,252,2,7.31,38.38
RA Jadeja,2012.0,14,12,278,210,5,7.94,23.17
RA Jadeja,2013.0,15,13,326,259,3,7.55,25.08
RA Jadeja,2014.0,16,19,446,326,4,8.21,23.47
RA Jadeja,2015.0,15,11,334,256,4,7.83,30.36
RA Jadeja,2016.0,14,8,320,241,2,7.97,40.0
RA Jadeja,2017.0,12,5,352,228,2,9.26,70.4
RA Jadeja,2018.0,14,11,310,246,3,7.56,28.18
RA Jadeja,2019.0,16,15,347,324,3,6.43,23.13
RA Jadeja,2020.0,13,6,318,218,2,8.75,53.0
RA Jadeja,2021.0,16,13,347,294,3,7.08,26.69
RA Jadeja,2022.0,10,5,252,198,3,7.64,50.4
RA Jadeja,2023.0,16,20,432,342,3,7.58,21.6
RA Jadeja,2024.0,14,8,371,282,3,7.89,46.38
RA Jadeja,2025.0,14,10,325,227,2,8.59,32.5
RA Jadeja,2026.0,12,10,283,198,2,8.58,28.3
RA Shaikh,2009.0,1,0,11,6,0,11.0,999.0
RA Tripathi,2017.0,1,0,12,6,0,12.0,999.0
RD Chahar,2017.0,2,2,59,42,1,8.43,29.5
RD Chahar,2019.0,13,13,310,282,3,6.6,23.85
RD Chahar,2020.0,15,15,439,318,2,8.28,29.27
RD Chahar,2021.0,11,13,324,258,4,7.53,24.92
RD Chahar,2022.0,13,14,365,280,3,7.82,26.07
RD Chahar,2023.0,14,8,388,298,2,7.81,48.5
RD Chahar,2024.0,9,10,280,186,3,9.03,28.0
RD Chahar,2025.0,1,0,9,6,0,9.0,999.0
RD Chahar,2026.0,1,0,46,24,0,11.5,999.0
RE van der Merwe,2009.0,10,9,263,204,2,7.74,29.22
RE van der Merwe,2010.0,1,2,27,24,2,6.75,13.5
RE van der Merwe,2011.0,4,5,94,89,3,6.34,18.8
RE van der Merwe,2012.0,3,2,60,60,2,6.0,30.0
RE van der Merwe,2013.0,3,3,71,66,1,6.45,23.67
RG More,2015.0,2,1,63,35,1,10.8,63.0
RG Sharma,2008.0,1,1,26,24,1,6.5,26.0
RG Sharma,2009.0,12,11,163,138,4,7.09,14.82
RG Sharma,2010.0,9,2,159,114,1,8.37,79.5
RG Sharma,2011.0,3,0,53,24,0,13.25,999.0
RG Sharma,2012.0,1,0,16,6,0,16.0,999.0
RG Sharma,2013.0,2,0,6,8,0,4.5,999.0
RG Sharma,2014.0,2,1,26,18,1,8.67,26.0
RG Sharma,2021.0,2,0,13,7,0,11.14,999.0
RJ Gleeson,2024.0,2,1,72,47,1,9.19,72.0
RJ Gleeson,2025.0,1,1,39,21,1,11.14,39.0
RJ Harris,2009.0,8,6,235,186,3,7.58,39.17
RJ Harris,2010.0,8,14,239,184,3,7.79,17.07
RJ Harris,2011.0,13,16,401,282,3,8.53,25.06
RJ Harris,2012.0,5,8,136,108,4,7.56,17.0
RJ Harris,2013.0,3,1,74,72,1,6.17,74.0
RJ Peterson,2012.0,4,3,70,48,3,8.75,23.33
RJW Topley,2023.0,1,1,14,12,1,7.0,14.0
RJW Topley,2024.0,4,4,168,90,2,11.2,42.0
RJW Topley,2025.0,1,0,40,18,0,13.33,999.0
RN ten Doeschate,2011.0,1,0,7,6,0,7.0,999.0
RN ten Doeschate,2012.0,1,1,24,18,1,8.0,24.0
RN ten Doeschate,2013.0,3,0,24,18,0,8.0,999.0
RN ten Doeschate,2014.0,4,1,35,30,1,7.0,35.0
RN ten Doeschate,2015.0,1,0,4,6,0,4.0,999.0
RP Meredith,2021.0,5,4,171,102,1,10.06,42.75
RP Meredith,2022.0,8,8,241,168,2,8.61,30.12
RP Meredith,2023.0,5,7,209,118,2,10.63,29.86
RP Singh,2008.0,14,15,459,308,3,8.94,30.6
RP Singh,2009.0,16,23,430,358,4,7.21,18.7
RP Singh,2010.0,12,13,385,252,3,9.17,29.62
RP Singh,2011.0,14,13,365,300,4,7.3,28.08
RP Singh,2012.0,11,10,328,246,3,8.0,32.8
RP Singh,2013.0,11,13,336,239,3,8.44,25.85
RP Singh,2016.0,4,3,114,72,1,9.5,38.0
RR Bhatkal,2012.0,1,0,35,12,0,17.5,999.0
RR Bose,2009.0,1,0,24,12,0,12.0,999.0
RR Powar,2008.0,5,3,93,72,2,7.75,31.0
RR Powar,2009.0,8,5,138,126,2,6.57,27.6
RR Powar,2010.0,7,3,163,138,2,7.09,54.33
RR Powar,2011.0,5,2,112,72,1,9.33,56.0
RR Powar,2012.0,1,0,32,18,0,10.67,999.0
RR Raje,2008.0,6,5,142,98,2,8.69,28.4
RR Raje,2009.0,4,1,72,41,1,10.54,72.0
RS Bopara,2009.0,2,0,5,8,0,3.75,999.0
RS Bopara,2010.0,5,5,132,78,3,10.15,26.4
RS Bopara,2015.0,7,6,164,120,2,8.2,27.33
RS Gavaskar,2010.0,1,0,8,6,0,8.0,999.0
RS Ghosh,2026.0,1,1,24,18,1,8.0,24.0
RS Hangargekar,2023.0,2,3,60,36,3,10.0,20.0
RV Gomez,2011.0,8,5,125,90,2,8.33,25.0
RV Gomez,2013.0,1,0,5,6,0,5.0,999.0
RV Patel,2021.0,1,0,22,18,0,7.33,999.0
RW Price,2011.0,1,0,33,18,0,11.0,999.0
Raghu Sharma,2026.0,5,1,130,90,1,8.67,130.0
Ramandeep Singh,2022.0,3,6,55,36,3,9.17,9.17
Ramandeep Singh,2024.0,1,0,9,4,0,13.5,999.0
Ramandeep Singh,2026.0,2,1,31,16,1,11.62,31.0
Rashid Khan,2017.0,14,17,368,324,3,6.81,21.65
Rashid Khan,2018.0,17,21,466,408,3,6.85,22.19
Rashid Khan,2019.0,15,17,396,363,3,6.55,23.29
Rashid Khan,2020.0,16,20,355,388,3,5.49,17.75
Rashid Khan,2021.0,14,18,398,342,3,6.98,22.11
Rashid Khan,2022.0,16,19,428,383,4,6.7,22.53
Rashid Khan,2023.0,17,27,557,402,4,8.31,20.63
Rashid Khan,2024.0,12,10,372,262,2,8.52,37.2
Rashid Khan,2025.0,15,9,523,330,2,9.51,58.11
Rashid Khan,2026.0,17,21,527,341,4,9.27,25.1
Rasikh Salam,2019.0,1,0,42,24,0,10.5,999.0
Rasikh Salam,2022.0,2,0,28,24,0,7.0,999.0
Rasikh Salam,2024.0,8,9,271,147,3,11.06,30.11
Rasikh Salam,2025.0,2,1,71,36,1,11.83,71.0
Rasikh Salam,2026.0,12,19,407,257,4,9.5,21.42
Ravi Bishnoi,2020.0,14,12,381,306,3,7.47,31.75
Ravi Bishnoi,2021.0,9,12,240,216,3,6.67,20.0
Ravi Bishnoi,2022.0,14,13,462,324,2,8.56,35.54
Ravi Bishnoi,2023.0,14,16,394,303,3,7.8,24.62
Ravi Bishnoi,2024.0,14,10,384,262,2,8.79,38.4
Ravi Bishnoi,2025.0,11,9,402,222,2,10.86,44.67
Ravi Bishnoi,2026.0,9,11,259,156,4,9.96,23.55
S Aravind,2011.0,13,21,377,276,4,8.2,17.95
S Aravind,2012.0,1,0,48,18,0,16.0,999.0
S Aravind,2015.0,5,8,132,108,4,7.33,16.5
S Aravind,2016.0,9,11,222,175,2,7.61,20.18
S Aravind,2017.0,10,5,278,183,2,9.11,55.6
S Badree,2013.0,1,0,35,24,0,8.75,999.0
S Badree,2014.0,4,2,103,84,1,7.36,51.5
S Badree,2017.0,7,9,191,150,4,7.64,21.22
S Dhawan,2011.0,2,1,12,12,1,6.0,12.0
S Dhawan,2012.0,4,3,60,36,1,10.0,20.0
S Dube,2019.0,2,0,8,10,0,4.8,999.0
S Dube,2020.0,5,4,75,54,2,8.33,18.75
S Dube,2021.0,4,0,53,30,0,10.6,999.0
S Dube,2022.0,2,0,40,12,0,20.0,999.0
S Dube,2024.0,1,1,14,6,1,14.0,14.0
S Dube,2025.0,1,0,33,12,0,16.5,999.0
S Dube,2026.0,4,1,64,30,1,12.8,64.0
S Gopal,2014.0,4,6,113,84,2,8.07,18.83
S Gopal,2015.0,1,1,23,13,1,10.62,23.0
S Gopal,2016.0,1,0,19,18,0,6.33,999.0
S Gopal,2018.0,10,11,239,186,4,7.71,21.73
S Gopal,2019.0,14,20,350,288,3,7.29,17.5
S Gopal,2020.0,14,10,429,300,2,8.58,42.9
S Gopal,2021.0,3,0,84,42,0,12.0,999.0
S Gopal,2022.0,1,1,34,18,1,11.33,34.0
S Gopal,2024.0,3,3,67,42,1,9.57,22.33
S Joseph,2024.0,1,0,51,24,0,12.75,999.0
S Kaul,2013.0,6,4,172,131,2,7.88,43.0
S Kaul,2014.0,5,2,136,78,1,10.46,68.0
S Kaul,2017.0,10,16,303,214,4,8.5,18.94
S Kaul,2018.0,17,21,558,396,3,8.45,26.57
S Kaul,2019.0,7,6,243,162,2,9.0,40.5
S Kaul,2020.0,1,2,64,24,2,16.0,32.0
S Kaul,2021.0,8,7,253,180,2,8.43,36.14
S Kaul,2022.0,1,0,43,24,0,10.75,999.0
S Kaushik,2016.0,7,6,195,138,3,8.48,32.5
S Kaushik,2017.0,3,0,109,66,0,9.91,999.0
S Ladda,2010.0,5,4,144,90,2,9.6,36.0
S Ladda,2011.0,2,0,42,24,0,10.5,999.0
S Ladda,2013.0,1,1,18,12,1,9.0,18.0
S Ladda,2016.0,1,0,21,12,0,10.5,999.0
S Lamichhane,2018.0,3,5,86,72,3,7.17,17.2
S Lamichhane,2019.0,6,8,211,138,3,9.17,26.38
S Midhun,2019.0,1,0,29,12,0,14.5,999.0
S Nadeem,2011.0,5,4,145,114,2,7.63,36.25
S Nadeem,2012.0,12,8,320,270,3,7.11,40.0
S Nadeem,2013.0,12,9,264,264,2,6.0,29.33
S Nadeem,2014.0,11,8,314,228,2,8.26,39.25
S Nadeem,2015.0,2,0,43,42,0,6.14,999.0
S Nadeem,2016.0,4,2,127,90,2,8.47,63.5
S Nadeem,2017.0,7,6,119,107,2,6.67,19.83
S Nadeem,2018.0,6,3,162,90,2,10.8,54.0
S Nadeem,2019.0,3,2,91,54,1,10.11,45.5
S Nadeem,2020.0,7,5,179,132,2,8.14,35.8
S Nadeem,2021.0,1,1,36,24,1,9.0,36.0
S Narwal,2010.0,5,5,186,94,3,11.87,37.2
S Narwal,2013.0,1,0,17,12,0,8.5,999.0
S Rana,2011.0,1,0,2,4,0,3.0,999.0
S Rana,2014.0,2,0,16,12,0,8.0,999.0
S Randiv,2011.0,8,6,223,174,2,7.69,37.17
S Sandeep Warrier,2019.0,3,2,86,72,2,7.17,43.0
S Sandeep Warrier,2020.0,1,0,34,18,0,11.33,999.0
S Sandeep Warrier,2021.0,1,0,15,12,0,7.5,999.0
S Sandeep Warrier,2024.0,5,6,122,66,3,11.09,20.33
S Sreesanth,2008.0,15,19,451,307,3,8.81,23.74
S Sreesanth,2009.0,7,6,196,138,2,8.52,32.67
S Sreesanth,2010.0,6,3,191,114,2,10.05,63.67
S Sreesanth,2011.0,9,7,212,191,2,6.66,30.29
S Sreesanth,2013.0,7,5,171,130,2,7.89,34.2
S Sriram,2010.0,1,0,24,12,0,12.0,999.0
S Sriram,2011.0,1,0,25,6,0,25.0,999.0
S Tyagi,2009.0,8,5,143,114,2,7.53,28.6
S Tyagi,2010.0,6,1,161,95,1,10.17,161.0
S Vidyut,2008.0,1,1,22,12,1,11.0,22.0
SA Abbott,2015.0,2,0,57,30,0,11.4,999.0
SA Abbott,2022.0,1,1,47,24,1,11.75,47.0
SA Yadav,2014.0,1,0,8,6,0,8.0,999.0
SB Bangar,2008.0,9,4,221,150,2,8.84,55.25
SB Jakati,2009.0,8,13,225,174,4,7.76,17.31
SB Jakati,2010.0,11,13,300,228,2,7.89,23.08
SB Jakati,2011.0,14,10,338,265,2,7.65,33.8
SB Jakati,2012.0,15,9,337,246,2,8.22,37.44
SB Jakati,2014.0,1,0,41,22,0,11.18,999.0
SB Jakati,2016.0,6,2,181,120,1,9.05,90.5
SB Jakati,2017.0,2,0,52,30,0,10.4,999.0
SB Joshi,2008.0,4,1,82,55,1,8.95,82.0
SB Styris,2008.0,8,3,201,162,1,7.44,67.0
SB Styris,2009.0,2,5,64,48,3,8.0,12.8
SB Styris,2011.0,1,0,13,6,0,13.0,999.0
SB Wagh,2010.0,1,1,16,6,1,16.0,16.0
SB Wagh,2011.0,7,4,131,96,3,8.19,32.75
SC Ganguly,2008.0,7,6,132,120,2,6.6,22.0
SC Ganguly,2009.0,6,2,98,72,2,8.17,49.0
SC Ganguly,2010.0,3,0,43,24,0,10.75,999.0
SC Ganguly,2012.0,4,2,97,60,2,9.7,48.5
SC Kuggeleijn,2019.0,2,2,71,48,2,8.88,35.5
SD Chitnis,2008.0,2,2,62,36,2,10.33,31.0
SE Bond,2010.0,8,9,225,186,2,7.26,25.0
SE Rutherford,2019.0,6,1,60,41,1,8.78,60.0
SH Johnson,2024.0,5,4,155,96,2,9.69,38.75
SH Johnson,2025.0,4,1,134,68,1,11.82,134.0
SH Johnson,2026.0,3,2,114,66,1,10.36,57.0
SJ Srivastava,2010.0,8,6,257,162,2,9.52,42.83
SJ Srivastava,2011.0,6,8,187,120,2,9.35,23.38
SK Raina,2008.0,2,1,30,20,1,9.0,30.0
SK Raina,2009.0,10,7,169,166,2,6.11,24.14
SK Raina,2010.0,12,6,181,143,1,7.59,30.17
SK Raina,2011.0,12,4,209,165,2,7.6,52.25
SK Raina,2012.0,7,2,106,84,1,7.57,53.0
SK Raina,2013.0,2,1,23,12,1,11.5,23.0
SK Raina,2014.0,8,1,135,108,1,7.5,135.0
SK Raina,2015.0,5,2,94,72,1,7.83,47.0
SK Raina,2016.0,4,0,84,60,0,8.4,999.0
SK Raina,2017.0,6,1,102,72,1,8.5,102.0
SK Raina,2019.0,1,0,6,6,0,6.0,999.0
SK Trivedi,2008.0,15,13,407,288,2,8.48,31.31
SK Trivedi,2009.0,7,6,152,120,2,7.6,25.33
SK Trivedi,2010.0,10,11,266,213,3,7.49,24.18
SK Trivedi,2011.0,12,10,307,214,3,8.61,30.7
SK Trivedi,2012.0,14,13,387,312,4,7.44,29.77
SK Trivedi,2013.0,17,12,425,359,3,7.1,35.42
SK Warne,2008.0,15,19,409,312,3,7.87,21.53
SK Warne,2009.0,13,14,369,300,3,7.38,26.36
SK Warne,2010.0,14,11,389,300,4,7.78,35.36
SK Warne,2011.0,12,13,298,282,3,6.34,22.92
SL Malinga,2009.0,13,18,334,297,3,6.75,18.56
SL Malinga,2010.0,13,15,360,294,4,7.35,24.0
SL Malinga,2011.0,16,28,393,378,5,6.24,14.04
SL Malinga,2012.0,14,22,355,333,4,6.4,16.14
SL Malinga,2013.0,17,20,484,392,3,7.41,24.2
SL Malinga,2014.0,10,16,267,235,4,6.82,16.69
SL Malinga,2015.0,15,24,453,360,4,7.55,18.88
SL Malinga,2017.0,12,11,388,269,2,8.65,35.27
SL Malinga,2019.0,12,16,452,269,4,10.08,28.25
SM Boland,2016.0,2,2,56,42,2,8.0,28.0
SM Curran,2019.0,9,10,325,198,4,9.85,32.5
SM Curran,2020.0,13,13,348,252,3,8.29,26.77
SM Curran,2021.0,9,9,332,198,3,10.06,36.89
SM Curran,2023.0,14,10,497,287,3,10.39,49.7
SM Curran,2024.0,13,16,422,246,3,10.29,26.38
SM Curran,2025.0,5,1,135,72,1,11.25,135.0
SM Harwood,2009.0,3,3,74,60,2,7.4,24.67
SM Pollock,2008.0,13,11,307,276,3,6.67,27.91
SMSM Senanayake,2013.0,8,9,211,192,2,6.59,23.44
SN Khan,2019.0,1,0,6,2,0,18.0,999.0
SN Thakur,2015.0,1,1,39,18,1,13.0,39.0
SN Thakur,2017.0,12,11,319,229,3,8.36,29.0
SN Thakur,2018.0,13,16,433,280,2,9.28,27.06
SN Thakur,2019.0,9,8,285,180,2,9.5,35.62
SN Thakur,2020.0,9,10,279,194,2,8.63,27.9
SN Thakur,2021.0,16,21,531,359,3,8.87,25.29
SN Thakur,2022.0,14,15,485,290,4,10.03,32.33
SN Thakur,2023.0,9,7,222,126,2,10.57,31.71
SN Thakur,2024.0,9,5,315,190,2,9.95,63.0
SN Thakur,2025.0,10,13,376,204,4,11.06,28.92
SN Thakur,2026.0,7,12,270,132,4,12.27,22.5
SP Narine,2012.0,15,24,332,355,5,5.61,13.83
SP Narine,2013.0,16,22,353,384,4,5.52,16.05
SP Narine,2014.0,16,21,432,390,4,6.65,20.57
SP Narine,2015.0,8,7,246,192,4,7.69,35.14
SP Narine,2016.0,11,11,310,256,3,7.27,28.18
SP Narine,2017.0,15,10,412,354,2,6.98,41.2
SP Narine,2018.0,16,17,473,366,3,7.75,27.82
SP Narine,2019.0,12,10,353,266,2,7.96,35.3
SP Narine,2020.0,10,5,308,228,2,8.11,61.6
SP Narine,2021.0,14,16,369,336,4,6.59,23.06
SP Narine,2022.0,14,9,319,336,2,5.7,35.44
SP Narine,2023.0,14,11,389,288,3,8.1,35.36
SP Narine,2024.0,14,17,376,330,2,6.84,22.12
SP Narine,2025.0,12,12,357,270,3,7.93,29.75
SP Narine,2026.0,13,17,350,309,3,6.8,20.59
SPD Smith,2012.0,1,0,5,2,0,15.0,999.0
SR Dubey,2026.0,4,5,110,77,2,8.57,22.0
SR Tendulkar,2009.0,4,0,59,36,0,9.83,999.0
SR Watson,2008.0,15,17,395,325,3,7.29,23.24
SR Watson,2010.0,6,6,185,132,3,8.41,30.83
SR Watson,2011.0,10,6,248,216,3,6.89,41.33
SR Watson,2012.0,7,6,165,138,2,7.17,27.5
SR Watson,2013.0,13,13,319,250,3,7.66,24.54
SR Watson,2014.0,9,7,169,126,3,8.05,24.14
SR Watson,2015.0,10,6,273,174,2,9.41,45.5
SR Watson,2016.0,16,20,490,339,4,8.67,24.5
SR Watson,2017.0,8,5,246,161,1,9.17,49.2
SR Watson,2018.0,11,6,252,168,2,9.0,42.0
SS Agarwal,2017.0,1,1,42,24,1,10.5,42.0
SS Cottrell,2020.0,6,6,177,120,2,8.85,29.5
SS Iyer,2022.0,1,0,7,6,0,7.0,999.0
SS Mishra,2026.0,2,2,68,38,2,10.74,34.0
SS Mundhe,2011.0,1,1,6,6,1,6.0,6.0
SS Sarkar,2009.0,2,1,34,25,1,8.16,34.0
SSB Magala,2023.0,2,1,52,36,1,8.67,52.0
ST Jayasuriya,2008.0,8,4,163,126,3,7.76,40.75
ST Jayasuriya,2009.0,9,7,165,114,2,8.68,23.57
ST Jayasuriya,2010.0,4,2,68,54,2,7.56,34.0
STR Binny,2010.0,1,0,9,6,0,9.0,999.0
STR Binny,2011.0,3,0,44,24,0,11.0,999.0
STR Binny,2012.0,6,3,78,60,1,7.8,26.0
STR Binny,2013.0,14,6,163,144,2,6.79,27.17
STR Binny,2014.0,8,3,65,54,1,7.22,21.67
STR Binny,2015.0,10,4,143,114,2,7.53,35.75
STR Binny,2016.0,11,1,134,102,1,7.88,134.0
STR Binny,2017.0,4,4,50,36,1,8.33,12.5
STR Binny,2018.0,1,0,33,12,0,16.5,999.0
STR Binny,2019.0,5,1,44,42,1,6.29,44.0
SW Tait,2010.0,8,10,274,187,3,8.79,27.4
SW Tait,2011.0,4,6,137,89,3,9.24,22.83
SW Tait,2012.0,6,6,154,137,3,6.74,25.67
SW Tait,2013.0,3,1,103,60,1,10.3,103.0
SZ Mulani,2024.0,2,0,57,30,0,11.4,999.0
Sachin Baby,2016.0,2,2,8,10,2,4.8,4.0
Sakib Hussain,2026.0,11,15,399,252,4,9.5,26.6
Sandeep Sharma,2013.0,4,8,130,96,3,8.12,16.25
Sandeep Sharma,2014.0,11,18,358,241,3,8.91,19.89
Sandeep Sharma,2015.0,14,13,359,300,4,7.18,27.62
Sandeep Sharma,2016.0,14,15,374,300,2,7.48,24.93
Sandeep Sharma,2017.0,13,17,402,288,4,8.38,23.65
Sandeep Sharma,2018.0,12,12,334,264,2,7.59,27.83
Sandeep Sharma,2019.0,11,12,355,256,3,8.32,29.58
Sandeep Sharma,2020.0,13,14,374,312,3,7.19,26.71
Sandeep Sharma,2021.0,7,3,204,141,1,8.68,68.0
Sandeep Sharma,2022.0,5,2,156,120,1,7.8,78.0
Sandeep Sharma,2023.0,12,10,398,276,2,8.65,39.8
Sandeep Sharma,2024.0,10,13,314,228,5,8.26,24.15
Sandeep Sharma,2025.0,10,9,376,223,2,10.12,41.78
Sandeep Sharma,2026.0,6,5,225,118,2,11.44,45.0
Shahbaz Ahmed,2020.0,2,2,45,36,2,7.5,22.5
Shahbaz Ahmed,2021.0,6,7,92,84,3,6.57,13.14
Shahbaz Ahmed,2022.0,14,4,341,210,2,9.74,85.25
Shahbaz Ahmed,2023.0,5,1,95,42,1,13.57,95.0
Shahbaz Ahmed,2024.0,15,7,277,165,3,10.07,39.57
Shahbaz Ahmed,2025.0,3,1,103,51,1,12.12,103.0
Shahbaz Ahmed,2026.0,5,5,130,67,2,11.64,26.0
Shahid Afridi,2008.0,10,9,237,180,3,7.9,26.33
Shakib Al Hasan,2011.0,7,11,177,153,3,6.94,16.09
Shakib Al Hasan,2012.0,8,12,203,180,3,6.77,16.92
Shakib Al Hasan,2014.0,13,11,339,300,2,6.78,30.82
Shakib Al Hasan,2015.0,4,4,123,84,2,8.79,30.75
Shakib Al Hasan,2016.0,9,5,247,186,1,7.97,49.4
Shakib Al Hasan,2017.0,1,0,34,18,0,11.33,999.0
Shakib Al Hasan,2018.0,17,14,458,342,2,8.04,32.71
Shakib Al Hasan,2019.0,3,2,95,65,1,8.77,47.5
Shakib Al Hasan,2021.0,8,4,188,156,1,7.23,47.0
Shashank Singh,2022.0,2,0,20,12,0,10.0,999.0
Shashank Singh,2024.0,1,1,5,6,1,5.0,5.0
Shashank Singh,2025.0,1,0,27,12,0,13.5,999.0
Shashank Singh,2026.0,4,4,89,60,2,8.9,22.25
Shivam Mavi,2018.0,9,5,273,168,1,9.75,54.6
Shivam Mavi,2020.0,8,9,214,156,2,8.23,23.78
Shivam Mavi,2021.0,9,11,242,193,4,7.52,22.0
Shivam Mavi,2022.0,6,5,229,132,1,10.41,45.8
Shivam Sharma,2014.0,4,3,121,96,2,7.56,40.33
Shivam Sharma,2015.0,1,1,44,18,1,14.67,44.0
Shivang Kumar,2026.0,13,9,376,234,3,9.64,41.78
Shoaib Ahmed,2009.0,7,5,154,102,2,9.06,30.8
Shoaib Akhtar,2008.0,3,5,54,42,4,7.71,10.8
Shoaib Malik,2008.0,5,2,87,51,1,10.24,43.5
Sikandar Raza,2023.0,6,3,124,72,1,10.33,41.33
Sikandar Raza,2024.0,1,0,22,12,0,11.0,999.0
Simarjeet Singh,2022.0,6,4,143,108,2,7.94,35.75
Simarjeet Singh,2024.0,4,5,122,72,3,10.17,24.4
Simarjeet Singh,2025.0,4,2,146,60,2,14.6,73.0
Sohail Tanvir,2008.0,11,22,275,247,6,6.68,12.5
Sumit Kumar,2024.0,2,0,38,20,0,11.4,999.0
Sunny Gupta,2012.0,1,0,47,18,0,15.67,999.0
Suryansh Shedge,2025.0,1,0,40,18,0,13.33,999.0
Suyash Sharma,2023.0,11,10,330,234,3,8.46,33.0
Suyash Sharma,2024.0,2,0,51,24,0,12.75,999.0
Suyash Sharma,2025.0,14,8,454,300,3,9.08,56.75
Suyash Sharma,2026.0,12,9,380,245,2,9.31,42.22
Swapnil Singh,2016.0,1,0,29,18,0,9.67,999.0
Swapnil Singh,2017.0,4,1,61,42,1,8.71,61.0
Swapnil Singh,2023.0,2,0,18,12,0,9.0,999.0
Swapnil Singh,2024.0,7,6,133,90,2,8.87,22.17
T Henderson,2009.0,2,1,41,36,1,6.83,41.0
T Natarajan,2017.0,6,2,116,76,1,9.16,58.0
T Natarajan,2020.0,16,16,520,377,2,8.28,32.5
T Natarajan,2021.0,2,2,70,48,1,8.75,35.0
T Natarajan,2022.0,11,18,410,258,3,9.53,22.78
T Natarajan,2023.0,12,10,416,270,2,9.24,41.6
T Natarajan,2024.0,14,19,469,308,4,9.14,24.68
T Natarajan,2025.0,2,1,53,25,1,12.72,53.0
T Natarajan,2026.0,10,5,357,191,3,11.21,71.4
T Shamsi,2016.0,4,3,151,96,1,9.44,50.33
T Shamsi,2021.0,1,0,34,24,0,8.5,999.0
T Stubbs,2023.0,1,1,14,12,1,7.0,14.0
T Stubbs,2024.0,2,3,15,12,2,7.5,5.0
T Stubbs,2025.0,2,0,40,12,0,20.0,999.0
T Thushara,2009.0,2,3,61,48,2,7.62,20.33
T Thushara,2010.0,4,5,103,87,2,7.1,20.6
T Vijay,2026.0,1,0,29,12,0,14.5,999.0
TA Boult,2015.0,7,9,239,168,3,8.54,26.56
TA Boult,2016.0,1,1,39,24,1,9.75,39.0
TA Boult,2017.0,6,5,222,143,2,9.31,44.4
TA Boult,2018.0,14,18,476,316,2,9.04,26.44
TA Boult,2019.0,5,5,163,114,2,8.58,32.6
TA Boult,2020.0,15,25,473,348,4,8.16,18.92
TA Boult,2021.0,14,13,409,308,3,7.97,31.46
TA Boult,2022.0,16,16,501,372,2,8.08,31.31
TA Boult,2023.0,10,13,316,228,3,8.32,24.31
TA Boult,2024.0,15,16,448,320,3,8.4,28.0
TA Boult,2025.0,16,22,520,346,4,9.02,23.64
TA Boult,2026.0,5,2,188,97,1,11.63,94.0
TG Southee,2011.0,5,4,167,114,1,8.79,41.75
TG Southee,2014.0,3,0,78,60,0,7.8,999.0
TG Southee,2015.0,7,6,255,168,2,9.11,42.5
TG Southee,2016.0,11,9,333,258,3,7.74,37.0
TG Southee,2017.0,3,3,97,60,2,9.7,32.33
TG Southee,2018.0,8,5,263,174,3,9.07,52.6
TG Southee,2019.0,3,1,123,54,1,13.67,123.0
TG Southee,2021.0,3,3,95,72,2,7.92,31.67
TG Southee,2022.0,9,14,284,210,3,8.11,20.29
TG Southee,2023.0,2,2,79,36,2,13.17,39.5
TH David,2026.0,1,0,18,6,0,18.0,999.0
TK Curran,2018.0,5,6,118,61,2,11.61,19.67
TK Curran,2020.0,5,3,210,109,1,11.56,70.0
TK Curran,2021.0,3,4,104,68,3,9.18,26.0
TL Suman,2009.0,5,5,108,90,2,7.2,21.6
TL Suman,2010.0,2,0,24,12,0,12.0,999.0
TL Suman,2011.0,3,0,50,36,0,8.33,999.0
TL Suman,2013.0,1,1,16,12,1,8.0,16.0
TM Dilshan,2008.0,1,1,3,6,1,3.0,3.0
TM Dilshan,2009.0,8,0,99,96,0,6.19,999.0
TM Dilshan,2010.0,4,3,70,49,1,8.57,23.33
TM Dilshan,2011.0,6,1,108,72,1,9.0,108.0
TM Dilshan,2012.0,5,0,78,42,0,11.14,999.0
TM Dilshan,2013.0,1,0,10,6,0,10.0,999.0
TM Head,2017.0,5,2,81,48,2,10.12,40.5
TM Head,2024.0,1,0,32,10,0,19.2,999.0
TM Head,2026.0,1,1,8,6,1,8.0,8.0
TP Sudhindra,2012.0,3,1,137,70,1,11.74,137.0
TS Mills,2017.0,5,5,157,107,2,8.8,31.4
TS Mills,2022.0,5,6,192,102,3,11.29,32.0
TU Deshpande,2020.0,5,3,193,102,2,11.35,64.33
TU Deshpande,2022.0,2,1,67,42,1,9.57,67.0
TU Deshpande,2023.0,16,21,580,341,3,10.21,27.62
TU Deshpande,2024.0,13,17,435,288,4,9.06,25.59
TU Deshpande,2025.0,10,9,342,192,3,10.69,38.0
TU Deshpande,2026.0,7,4,282,138,1,12.26,70.5
Tejas Baroka,2017.0,1,0,33,21,0,9.43,999.0
Tilak Varma,2022.0,2,0,13,12,0,6.5,999.0
Tilak Varma,2023.0,1,0,7,6,0,7.0,999.0
Tilak Varma,2024.0,1,0,8,4,0,12.0,999.0
UT Yadav,2010.0,7,6,192,144,2,8.0,32.0
UT Yadav,2011.0,6,2,172,108,2,9.56,86.0
UT Yadav,2012.0,17,19,459,366,3,7.52,24.16
UT Yadav,2013.0,16,16,533,353,4,9.06,33.31
UT Yadav,2014.0,12,11,381,270,3,8.47,34.64
UT Yadav,2015.0,12,10,387,252,3,9.21,38.7
UT Yadav,2016.0,9,10,246,156,3,9.46,24.6
UT Yadav,2017.0,14,17,432,291,4,8.91,25.41
UT Yadav,2018.0,14,20,424,319,3,7.97,21.2
UT Yadav,2019.0,11,8,375,227,3,9.91,46.88
UT Yadav,2020.0,2,0,86,42,0,12.29,999.0
UT Yadav,2022.0,12,16,354,288,4,7.38,22.12
UT Yadav,2023.0,8,1,190,114,1,10.0,190.0
UT Yadav,2024.0,7,8,211,126,2,10.05,26.38
Umar Gul,2008.0,6,12,198,135,4,8.8,16.5
Umran Malik,2021.0,3,2,96,72,1,8.0,48.0
Umran Malik,2022.0,14,22,455,295,5,9.25,20.68
Umran Malik,2023.0,8,5,219,120,2,10.95,43.8
Umran Malik,2024.0,1,0,15,6,0,15.0,999.0
V Kaverappa,2024.0,1,2,36,24,2,9.0,18.0
V Kohli,2008.0,4,2,62,46,2,8.09,31.0
V Kohli,2009.0,3,0,46,36,0,7.67,999.0
V Kohli,2010.0,4,0,51,32,0,9.56,999.0
V Kohli,2011.0,10,2,140,102,1,8.24,70.0
V Kohli,2012.0,2,0,49,18,0,16.33,999.0
V Kohli,2015.0,2,0,10,11,0,5.45,999.0
V Kohli,2016.0,1,0,13,6,0,13.0,999.0
V Nigam,2025.0,13,11,361,234,2,9.26,32.82
V Nigam,2026.0,5,2,117,54,1,13.0,58.5
V Pratap Singh,2012.0,9,10,300,204,2,8.82,30.0
V Puthur,2025.0,5,6,109,72,3,9.08,18.17
V Sehwag,2008.0,7,3,134,66,1,12.18,44.67
V Sehwag,2009.0,1,0,25,6,0,25.0,999.0
V Sehwag,2010.0,3,3,23,34,2,4.06,7.67
V Sehwag,2012.0,3,0,45,24,0,11.25,999.0
V Sehwag,2013.0,1,0,9,6,0,9.0,999.0
V Shankar,2014.0,1,0,19,6,0,19.0,999.0
V Shankar,2018.0,4,1,58,30,1,11.6,58.0
V Shankar,2019.0,5,1,70,48,1,8.75,70.0
V Shankar,2020.0,5,4,82,79,1,6.23,20.5
V Shankar,2021.0,5,3,100,66,2,9.09,33.33
V Shankar,2022.0,2,0,15,9,0,10.0,999.0
V Viyaskanth,2024.0,3,1,90,60,1,9.0,90.0
VG Arora,2022.0,5,3,165,107,2,9.25,55.0
VG Arora,2023.0,5,5,149,96,2,9.31,29.8
VG Arora,2024.0,10,11,284,180,3,9.47,25.82
VG Arora,2025.0,12,17,431,255,3,10.14,25.35
VG Arora,2026.0,10,11,396,228,2,10.42,36.0
VR Aaron,2011.0,3,2,83,72,1,6.92,41.5
VR Aaron,2012.0,8,8,279,186,2,9.0,34.88
VR Aaron,2014.0,10,16,309,220,3,8.43,19.31
VR Aaron,2015.0,5,3,180,104,2,10.38,60.0
VR Aaron,2016.0,8,2,229,142,2,9.68,114.5
VR Aaron,2017.0,6,7,170,120,2,8.5,24.29
VR Aaron,2019.0,5,4,128,72,2,10.67,32.0
VR Aaron,2020.0,3,0,96,48,0,12.0,999.0
VR Aaron,2022.0,2,2,53,30,2,10.6,26.5
VR Iyer,2021.0,4,3,71,51,2,8.35,23.67
VR Iyer,2022.0,4,0,46,24,0,11.5,999.0
VR Iyer,2024.0,1,0,28,6,0,28.0,999.0
VRV Singh,2008.0,13,11,425,288,3,8.85,38.64
VRV Singh,2009.0,4,1,83,54,1,9.22,83.0
VRV Singh,2010.0,1,0,41,18,0,13.67,999.0
VS Malik,2009.0,5,2,100,72,1,8.33,50.0
VS Malik,2010.0,3,1,66,43,1,9.21,66.0
VS Malik,2011.0,1,0,14,12,0,7.0,999.0
VS Malik,2013.0,3,2,59,60,2,5.9,29.5
VS Malik,2014.0,1,1,29,18,1,9.67,29.0
VS Yeligati,2008.0,2,0,61,30,0,12.2,999.0
VY Mahesh,2008.0,11,16,380,253,4,9.01,23.75
VY Mahesh,2009.0,1,1,25,12,1,12.5,25.0
VY Mahesh,2010.0,1,1,23,18,1,7.67,23.0
VY Mahesh,2012.0,4,3,83,56,2,8.89,27.67
Vijaykumar Vyshak,2023.0,7,9,253,144,3,10.54,28.11
Vijaykumar Vyshak,2024.0,4,4,143,87,2,9.86,35.75
Vijaykumar Vyshak,2025.0,5,4,181,102,2,10.65,45.25
Vijaykumar Vyshak,2026.0,9,9,333,186,3,10.74,37.0
Vivrant Sharma,2023.0,2,0,37,18,0,12.33,999.0
W O'Rourke,2025.0,3,6,132,62,3,12.77,22.0
WA Mota,2008.0,2,1,36,18,1,12.0,36.0
WA Mota,2009.0,5,3,62,54,1,6.89,20.67
WD Parnell,2011.0,8,9,222,176,3,7.57,24.67
WD Parnell,2012.0,6,5,133,126,2,6.33,26.6
WD Parnell,2013.0,4,6,141,89,3,9.51,23.5
WD Parnell,2014.0,8,6,235,181,2,7.79,39.17
WD Parnell,2023.0,7,9,237,151,3,9.42,26.33
WG Jacks,2024.0,5,2,100,54,1,11.11,50.0
WG Jacks,2025.0,8,6,121,84,2,8.64,20.17
WG Jacks,2026.0,6,2,94,53,1,10.64,47.0
WPUJC Vaas,2008.0,5,5,146,102,2,8.59,29.2
WPUJC Vaas,2009.0,2,4,71,48,2,8.88,17.75
WPUJC Vaas,2010.0,6,9,147,132,3,6.68,16.33
Washington Sundar,2017.0,10,8,189,180,3,6.3,23.62
Washington Sundar,2018.0,7,4,194,120,2,9.7,48.5
Washington Sundar,2019.0,3,4,75,54,3,8.33,18.75
Washington Sundar,2020.0,15,8,300,300,2,6.0,37.5
Washington Sundar,2021.0,6,3,119,96,1,7.44,39.67
Washington Sundar,2022.0,8,6,239,168,2,8.54,39.83
Washington Sundar,2023.0,7,3,146,106,3,8.26,48.67
Washington Sundar,2024.0,2,1,73,30,1,14.6,73.0
Washington Sundar,2025.0,5,2,112,65,1,10.34,56.0
Washington Sundar,2026.0,5,1,84,55,1,9.16,84.0
XC Bartlett,2025.0,4,2,96,60,1,9.6,48.0
XC Bartlett,2026.0,9,5,390,201,2,11.64,78.0
Y Gnaneswara Rao,2011.0,1,0,7,6,0,7.0,999.0
Y Nagar,2009.0,1,2,20,12,2,10.0,10.0
Y Nagar,2010.0,1,1,28,18,1,9.33,28.0
Y Nagar,2011.0,5,1,67,30,1,13.4,67.0
Y Nagar,2012.0,1,0,10,6,0,10.0,999.0
Y Prithvi Raj,2019.0,2,1,57,30,1,11.4,57.0
Y Venugopal Rao,2008.0,7,2,137,84,2,9.79,68.5
Y Venugopal Rao,2009.0,6,4,123,90,2,8.2,30.75
Y Venugopal Rao,2010.0,1,0,10,6,0,10.0,999.0
Y Venugopal Rao,2011.0,2,0,26,12,0,13.0,999.0
Y Venugopal Rao,2012.0,2,0,26,12,0,13.0,999.0
Y Venugopal Rao,2014.0,2,0,16,12,0,8.0,999.0
YA Abdulla,2009.0,9,14,244,168,4,8.71,17.43
YA Abdulla,2010.0,2,1,67,41,1,9.8,67.0
YBK Jaiswal,2022.0,1,0,6,1,0,36.0,999.0
YK Pathan,2008.0,13,8,233,169,3,8.27,29.12
YK Pathan,2009.0,11,7,248,210,3,7.09,35.43
YK Pathan,2010.0,11,5,254,204,2,7.47,50.8
YK Pathan,2011.0,14,13,244,234,3,6.26,18.77
YK Pathan,2012.0,12,3,184,132,2,8.36,61.33
YK Pathan,2013.0,5,1,74,54,1,8.22,74.0
YK Pathan,2014.0,1,0,10,6,0,10.0,999.0
YK Pathan,2015.0,5,2,100,60,2,10.0,50.0
YK Pathan,2016.0,4,1,33,36,1,5.5,33.0
YK Pathan,2017.0,4,1,41,24,1,10.25,41.0
YK Pathan,2018.0,1,1,14,12,1,7.0,14.0
YK Pathan,2019.0,1,0,8,6,0,8.0,999.0
YS Chahal,2013.0,1,0,35,24,0,8.75,999.0
YS Chahal,2014.0,14,12,389,330,2,7.07,32.42
YS Chahal,2015.0,14,23,416,281,3,8.88,18.09
YS Chahal,2016.0,13,21,409,295,4,8.32,19.48
YS Chahal,2017.0,13,14,351,261,3,8.07,25.07
YS Chahal,2018.0,14,12,374,300,2,7.48,31.17
YS Chahal,2019.0,14,18,394,296,4,7.99,21.89
YS Chahal,2020.0,15,21,414,343,3,7.24,19.71
YS Chahal,2021.0,15,18,381,318,3,7.19,21.17
YS Chahal,2022.0,17,27,536,408,5,7.88,19.85
YS Chahal,2023.0,14,21,434,317,4,8.21,20.67
YS Chahal,2024.0,15,18,548,348,3,9.45,30.44
YS Chahal,2025.0,13,16,431,270,4,9.58,26.94
YS Chahal,2026.0,12,12,389,246,3,9.49,32.42
Yash Dayal,2022.0,9,11,296,192,3,9.25,26.91
Yash Dayal,2023.0,5,2,165,84,1,11.79,82.5
Yash Dayal,2024.0,14,15,472,301,3,9.41,31.47
Yash Dayal,2025.0,15,13,479,294,2,9.78,36.85
Yash Raj Punja,2026.0,8,9,281,180,2,9.37,31.22
Yash Thakur,2023.0,9,13,297,191,4,9.33,22.85
Yash Thakur,2024.0,10,11,405,213,5,11.41,36.82
Yash Thakur,2025.0,2,1,80,39,1,12.31,80.0
Yash Thakur,2026.0,1,2,55,24,2,13.75,27.5
Yudhvir Singh,2023.0,3,3,73,48,2,9.12,24.33
Yudhvir Singh,2024.0,2,1,52,24,1,13.0,52.0
Yudhvir Singh,2025.0,4,4,132,66,3,12.0,33.0
Yuvraj Singh,2008.0,6,3,85,54,2,9.44,28.33
Yuvraj Singh,2009.0,9,6,142,120,3,7.1,23.67
Yuvraj Singh,2010.0,10,5,155,138,2,6.74,31.0
Yuvraj Singh,2011.0,13,9,193,174,4,6.66,21.44
Yuvraj Singh,2013.0,10,6,152,132,2,6.91,25.33
Yuvraj Singh,2014.0,10,5,191,136,4,8.43,38.2
Yuvraj Singh,2015.0,6,1,75,54,1,8.33,75.0
Yuvraj Singh,2016.0,5,0,52,37,0,8.43,999.0
Yuvraj Singh,2017.0,2,1,23,12,1,11.5,23.0
Yuvraj Singh,2018.0,2,0,23,12,0,11.5,999.0
Z Khan,2008.0,11,13,369,252,3,8.79,28.38
Z Khan,2009.0,6,6,144,126,3,6.86,24.0
Z Khan,2010.0,14,15,388,290,3,8.03,25.87
Z Khan,2011.0,15,14,465,354,3,7.88,33.21
Z Khan,2012.0,15,17,468,360,3,7.8,27.53
Z Khan,2013.0,2,5,47,36,4,7.83,9.4
Z Khan,2014.0,6,5,156,134,2,6.99,31.2
Z Khan,2015.0,7,7,159,145,2,6.58,22.71
Z Khan,2016.0,12,10,341,262,3,7.81,34.1
Z Khan,2017.0,11,10,323,241,3,8.04,32.3
Zeeshan Ansari,2025.0,10,6,334,203,3,9.87,55.67
